-- MySQL Administrator dump 1.4
--
-- ------------------------------------------------------
-- Server version	5.1.22-rc-community


/*!40101 SET @OLD_CHARACTER_SET_CLIENT=@@CHARACTER_SET_CLIENT */;
/*!40101 SET @OLD_CHARACTER_SET_RESULTS=@@CHARACTER_SET_RESULTS */;
/*!40101 SET @OLD_COLLATION_CONNECTION=@@COLLATION_CONNECTION */;
/*!40101 SET NAMES utf8 */;

/*!40014 SET @OLD_UNIQUE_CHECKS=@@UNIQUE_CHECKS, UNIQUE_CHECKS=0 */;
/*!40014 SET @OLD_FOREIGN_KEY_CHECKS=@@FOREIGN_KEY_CHECKS, FOREIGN_KEY_CHECKS=0 */;
/*!40101 SET @OLD_SQL_MODE=@@SQL_MODE, SQL_MODE='NO_AUTO_VALUE_ON_ZERO' */;


--
-- Create schema fincas
--

CREATE DATABASE IF NOT EXISTS fincas;
USE fincas;

--
-- Definition of table `calibres`
--

DROP TABLE IF EXISTS `calibres`;
CREATE TABLE `calibres` (
  `clbID` int(10) unsigned NOT NULL AUTO_INCREMENT,
  `clbOrden` int(10) unsigned DEFAULT '999',
  `clbActivo` int(10) unsigned DEFAULT '1',
  `clbEspecie` int(10) unsigned NOT NULL,
  `clbCalibre` varchar(12) COLLATE latin1_spanish_ci NOT NULL,
  `clbChgBy` int(10) unsigned DEFAULT NULL,
  `clbFechaUM` datetime DEFAULT NULL,
  PRIMARY KEY (`clbID`),
  KEY `FK_calibres_1` (`clbEspecie`),
  CONSTRAINT `FK_calibres_1` FOREIGN KEY (`clbEspecie`) REFERENCES `especies` (`espID`)
) ENGINE=InnoDB AUTO_INCREMENT=103 DEFAULT CHARSET=latin1 COLLATE=latin1_spanish_ci ROW_FORMAT=DYNAMIC;

--
-- Dumping data for table `calibres`
--

/*!40000 ALTER TABLE `calibres` DISABLE KEYS */;
INSERT INTO `calibres` (`clbID`,`clbOrden`,`clbActivo`,`clbEspecie`,`clbCalibre`,`clbChgBy`,`clbFechaUM`) VALUES 
 (1,11,1,1,'A',1,'2011-11-09 10:46:58'),
 (2,10,1,1,'AA',1,'2011-11-09 10:47:07'),
 (3,1000,1,4,'22-24',4,'2011-11-16 15:27:26'),
 (4,1000,1,4,'24-26',4,'2011-11-16 15:27:32'),
 (5,1000,1,4,'26-28',4,'2011-11-16 15:27:42'),
 (6,1000,1,4,'28-30',4,'2011-11-16 15:27:48'),
 (7,1000,1,4,'30-32',4,'2011-11-16 15:28:16'),
 (8,12,1,8,'C 40-45',4,'2011-11-16 15:29:14'),
 (9,11,1,8,'B 45-50',4,'2011-11-16 15:29:26'),
 (10,10,1,8,'A 50-55',4,'2011-11-16 15:29:48'),
 (11,1000,0,6,'C 43-4',4,'2011-11-18 13:51:31'),
 (12,1000,0,6,'B 47',4,'2011-11-18 13:51:56'),
 (13,1000,0,6,'B 45-4',4,'2011-11-18 13:52:00'),
 (14,1000,0,6,'B 47-5',4,'2011-11-18 13:52:03'),
 (15,1000,0,6,'A 50-5',4,'2011-11-18 13:52:06'),
 (16,21,0,6,'A +50',6,'2013-01-22 17:19:52'),
 (17,1000,0,6,'AA 55-60',4,'2011-11-18 13:55:18'),
 (18,1000,0,6,'AA 55-5',4,'2011-11-18 13:52:26'),
 (19,1000,0,6,'A 53-5',4,'2011-11-18 13:52:34'),
 (20,12,0,6,'AAA 60',6,'2013-01-22 17:19:20'),
 (21,1000,0,6,'AAA 60',4,'2011-11-18 13:52:30'),
 (22,1000,0,6,'AAAA 6',1,'2011-11-18 13:35:30'),
 (23,1000,0,2,'C 56-6',4,'2011-11-18 13:50:21'),
 (24,1000,0,2,'B 61-6',4,'2011-11-18 13:50:24'),
 (25,1000,0,2,'A 67-7',4,'2011-11-18 13:50:28'),
 (26,1000,0,2,'AA 73-',4,'2011-11-18 13:50:31'),
 (27,1000,0,2,'AAA +8',4,'2011-11-18 13:50:15'),
 (28,1000,0,3,'C 56-6',4,'2011-11-18 13:56:24'),
 (29,1000,0,3,'B 61-6',4,'2011-11-18 13:56:26'),
 (30,1000,0,3,'A 67-7',4,'2011-11-18 13:56:29'),
 (31,1000,0,3,'AA 73-',4,'2011-11-18 13:56:31'),
 (32,1000,0,3,'AAA +8',4,'2011-11-18 13:56:21'),
 (33,1000,1,5,'72',4,'2011-11-16 15:44:16'),
 (34,1000,1,5,'80',4,'2011-11-16 15:44:20'),
 (35,1000,1,5,'90',4,'2011-11-16 15:44:24'),
 (36,1000,1,5,'100',4,'2011-11-16 15:44:29'),
 (37,1000,1,5,'110',4,'2011-11-16 15:44:32'),
 (38,1000,1,5,'120',4,'2011-11-16 15:44:38'),
 (39,1000,1,5,'130',4,'2011-11-16 15:44:44'),
 (40,1000,1,5,'140',4,'2011-11-16 15:44:50'),
 (41,1000,1,5,'150',4,'2011-11-16 15:46:13'),
 (42,1000,1,9,'22-24',4,'2011-11-16 15:50:03'),
 (43,1000,1,9,'24-26',4,'2011-11-16 15:50:48'),
 (44,1000,1,9,'26-28',4,'2011-11-16 15:51:51'),
 (45,1000,0,7,'70',4,'2011-11-16 17:49:15'),
 (46,11,1,7,'80',4,'2011-11-16 17:47:45'),
 (47,12,1,7,'88',4,'2011-11-16 17:47:48'),
 (48,13,1,7,'113',4,'2011-11-16 17:48:03'),
 (49,14,1,7,'100',4,'2011-11-16 17:51:14'),
 (50,15,1,7,'125',4,'2011-11-16 17:51:23'),
 (51,16,1,7,'138',4,'2011-11-16 17:51:28'),
 (52,17,1,7,'150',4,'2011-11-16 17:51:34'),
 (53,18,1,7,'163',4,'2011-11-16 17:51:42'),
 (54,10,1,7,'72',4,'2011-11-16 17:52:01'),
 (55,10,0,6,'AAAA 65',6,'2013-01-22 17:19:10'),
 (56,1000,0,2,'AAA +80',6,'2011-12-22 20:46:21'),
 (57,11,1,2,'AA 73-80',4,'2011-11-18 13:53:30'),
 (58,12,1,2,'A 67-73',4,'2011-11-18 13:53:40'),
 (59,13,1,2,'B 61-67',4,'2011-11-18 13:53:50'),
 (60,14,1,2,'C 56-61',4,'2011-11-18 13:53:58'),
 (61,22,0,6,'B 47',6,'2013-01-22 17:19:55'),
 (62,23,0,6,'B 45-47',6,'2013-01-22 17:19:59'),
 (63,24,0,6,'B 47-50',6,'2013-01-22 17:20:02'),
 (64,17,0,6,'A 50-53',6,'2013-01-22 17:19:40'),
 (65,18,0,6,'A 53-55',6,'2013-01-22 17:19:43'),
 (66,13,0,6,'AA 55-57',6,'2013-01-22 17:19:23'),
 (67,14,0,6,'AA 55-60',6,'2013-01-22 17:19:26'),
 (68,11,0,6,'AAA 60-65',6,'2013-01-22 17:19:16'),
 (69,25,0,6,'C 43-45',6,'2013-01-22 17:20:06'),
 (70,1000,1,3,'AAA +80',4,'2011-11-18 13:59:19'),
 (71,1000,1,3,'AA 73-80',4,'2011-11-18 13:59:25'),
 (72,1000,1,3,'A 67-73',4,'2011-11-18 13:59:35'),
 (73,1000,1,3,'B 61-67',4,'2011-11-18 13:59:43'),
 (74,1000,1,3,'C 56-61',4,'2011-11-18 13:59:51'),
 (75,1000,1,3,'CHICO',6,'2011-12-03 10:03:40'),
 (76,1000,1,3,'MEDIANO',6,'2011-12-03 10:03:45'),
 (77,1000,1,3,'GRANDE',6,'2011-12-03 10:03:55'),
 (78,1000,0,3,'EXTRA GDE.',6,'2011-12-22 20:44:58'),
 (79,1000,0,3,'SUPER GDE.',6,'2011-12-22 20:45:03'),
 (80,15,1,2,'CHICO',6,'2011-12-03 10:05:05'),
 (81,16,1,2,'MEDIANO',6,'2011-12-03 10:05:11'),
 (82,17,1,2,'GRANDE',6,'2011-12-03 10:05:15'),
 (83,1000,0,2,'EXTRA GDE.',6,'2011-12-22 20:44:41'),
 (84,1000,0,2,'SUPER GDE.',6,'2011-12-22 20:44:44'),
 (85,20,0,6,'A 50',6,'2013-01-22 17:19:49'),
 (86,19,0,6,'A 53',6,'2013-01-22 17:19:46'),
 (87,16,0,6,'AA 55',6,'2013-01-22 17:19:35'),
 (88,15,0,6,'AA 57',6,'2013-01-22 17:19:32'),
 (89,1000,1,4,'30+',6,'2011-12-03 10:07:02'),
 (90,1000,1,4,'32+',6,'2011-12-03 10:07:08'),
 (91,10,1,6,'45-50',6,'2011-12-22 20:47:04'),
 (92,11,1,6,'50-55',6,'2011-12-22 20:47:09'),
 (93,12,1,6,'55-60',6,'2011-12-22 20:47:15'),
 (94,13,1,6,'60-65',6,'2011-12-22 20:47:20'),
 (95,20,1,6,'65+++',6,'2011-12-22 20:47:26'),
 (96,10,1,2,'AAA 80+',6,'2011-12-22 20:49:43'),
 (97,15,1,6,'48/50',6,'2013-01-22 17:27:52'),
 (98,16,1,6,'50/53',6,'2013-01-22 17:27:57'),
 (99,17,1,6,'53/56',6,'2013-01-22 17:28:02'),
 (100,18,1,6,'56/60',6,'2013-01-22 17:28:07'),
 (101,19,1,6,'60/65',6,'2013-01-22 17:28:13'),
 (102,14,1,6,'45/48',6,'2013-01-22 17:28:24');
/*!40000 ALTER TABLE `calibres` ENABLE KEYS */;


--
-- Definition of table `especies`
--

DROP TABLE IF EXISTS `especies`;
CREATE TABLE `especies` (
  `espID` int(10) unsigned NOT NULL AUTO_INCREMENT,
  `espActiva` int(10) unsigned DEFAULT '1',
  `espNombre` varchar(30) COLLATE latin1_spanish_ci NOT NULL,
  `espPortugues` varchar(30) COLLATE latin1_spanish_ci DEFAULT NULL,
  `espIngles` varchar(30) COLLATE latin1_spanish_ci DEFAULT NULL,
  `espReqUMI` int(10) unsigned DEFAULT NULL,
  `espChgBy` int(10) unsigned DEFAULT NULL,
  `espFechaUM` datetime DEFAULT NULL,
  PRIMARY KEY (`espID`)
) ENGINE=InnoDB AUTO_INCREMENT=19 DEFAULT CHARSET=latin1 COLLATE=latin1_spanish_ci;

--
-- Dumping data for table `especies`
--

/*!40000 ALTER TABLE `especies` DISABLE KEYS */;
INSERT INTO `especies` (`espID`,`espActiva`,`espNombre`,`espPortugues`,`espIngles`,`espReqUMI`,`espChgBy`,`espFechaUM`) VALUES 
 (1,0,'Prueba','Pessego','Peach',0,1,'2011-11-11 16:27:24'),
 (2,1,'Duraznos','Pessegos','Peaches',0,1,'2011-11-11 16:30:18'),
 (3,1,'Nectarines','Nectarinas','Nectarines',0,1,'2011-11-11 16:30:42'),
 (4,1,'Cerezas','Cerejas','Cherries',0,1,'2011-11-11 16:31:05'),
 (5,1,'Peras','Peras','Pears',1,1,'2011-11-11 16:31:30'),
 (6,1,'Ciruelas','Ameixas','Plums',0,1,'2011-11-11 16:31:58'),
 (7,0,'Manzanas','Macas','Apples',1,1,'2011-11-11 16:32:21'),
 (8,1,'Damascos','Damascos','Apricots',0,1,'2011-11-11 16:32:43'),
 (9,1,'Uvas','Uvas','Grapes',0,1,'2011-11-11 16:32:56'),
 (10,0,'Peras','Peras','Peras',1,6,'2012-01-12 13:59:15'),
 (11,1,'Manzanas','Maças','Apples',1,6,'2012-01-12 14:03:50'),
 (12,0,'Granny Smith','Granny Smith','Granny Smith',0,6,'2016-04-05 16:08:26'),
 (13,1,'Manzanas','Manzanas','Manzanas',0,6,'2016-04-05 16:34:35'),
 (14,1,'Palta','Abacate','Avocado',0,1,'2017-03-21 16:51:45'),
 (15,0,'June Gold','June Gold','June Gold',0,6,'2019-12-10 12:28:11'),
 (16,0,'HIGO','HIGO','HIGO',0,6,'2020-01-20 17:54:05'),
 (17,1,'Higos','Figo','Fig',0,6,'2020-01-20 17:54:41'),
 (18,1,'Peras','Peras','Peras',0,6,'2021-02-25 12:08:55');
/*!40000 ALTER TABLE `especies` ENABLE KEYS */;


--
-- Definition of table `fincas`
--

DROP TABLE IF EXISTS `fincas`;
CREATE TABLE `fincas` (
  `fcaID` int(10) unsigned NOT NULL AUTO_INCREMENT,
  `fcaRenspa` varchar(13) COLLATE latin1_spanish_ci NOT NULL,
  `fcaActiva` int(10) unsigned DEFAULT '1',
  `fcaNombre` varchar(30) COLLATE latin1_spanish_ci NOT NULL,
  `fcaPropie` varchar(45) COLLATE latin1_spanish_ci DEFAULT NULL,
  `fcaCodInt` int(10) unsigned DEFAULT '0',
  `fcaSubGLN` varchar(13) COLLATE latin1_spanish_ci DEFAULT NULL,
  `fcaChgBy` int(10) unsigned DEFAULT NULL,
  `fcaFechaUM` datetime DEFAULT NULL,
  PRIMARY KEY (`fcaID`),
  UNIQUE KEY `Index_2` (`fcaRenspa`)
) ENGINE=InnoDB AUTO_INCREMENT=115 DEFAULT CHARSET=latin1 COLLATE=latin1_spanish_ci;

--
-- Dumping data for table `fincas`
--

/*!40000 ALTER TABLE `fincas` DISABLE KEYS */;
INSERT INTO `fincas` (`fcaID`,`fcaRenspa`,`fcaActiva`,`fcaNombre`,`fcaPropie`,`fcaCodInt`,`fcaSubGLN`,`fcaChgBy`,`fcaFechaUM`) VALUES 
 (41,'1201005175701',1,'PILUTTI','Pilutti Angel',82,'',1,'2011-11-14 10:56:53'),
 (42,'1201005010601',1,'LOS PALTOS  MAIPU','FRAGAPANE INZIRILLO',1,'',6,'2013-01-26 08:58:19'),
 (43,'1201305004601',1,'LA RAMALLOSA','Fragapane Hnos SRL',2,'',1,'2011-11-18 13:33:58'),
 (44,'1201405020801',0,'LOS PALTOS SAN MARTIN','LOS PALTOS SA',4,'',6,'2013-11-06 10:39:01'),
 (45,'1201805015801',1,'BALESTRA SANDRA','BALESTRA SANDRA',30,'',6,'2013-11-06 10:01:04'),
 (46,'1201005068901',1,'BOGLIOLI','AGROINDUSTRIAS BOGLIOLI SA',91,'',6,'2013-01-24 10:01:41'),
 (47,'1201305004501',1,'DON ANTONIO','Fragapane Hnos SRL',3,'',6,'2013-02-23 11:55:13'),
 (48,'1200805070301',1,'HIVERCO','Willbec SA',14,'',6,'2012-02-07 16:42:27'),
 (49,'1200905005001',1,'MARTINENGO','Martinengo Osvaldo',7,'',4,'2011-11-15 16:19:29'),
 (50,'1200905004601',1,'RIBAUDO','Manzano de Ribaudo Elida',16,'',4,'2011-11-15 16:25:27'),
 (51,'1200405058901',1,'ZAPATA','Zapata Fernando',23,'',4,'2011-11-15 16:29:53'),
 (52,'1201405299401',1,'SERGOL','Sergol SA',32,'',4,'2011-11-15 17:16:21'),
 (53,'1200405001101',1,'SARO Y RAFAEL 4HAS','Saro y Rafael Fragapan',20,'',4,'2011-11-15 17:42:13'),
 (54,'1200405000701',0,'CANTU D','Domingo Cantú',19,'',6,'2020-11-13 17:44:55'),
 (55,'1201005140201',1,'CODINA','Miguel Codina',26,'',4,'2011-11-16 10:09:16'),
 (56,'1201005036401',1,'FILIZZOLA ALBERTO','Juan Filizzola',27,'',4,'2011-11-16 10:34:11'),
 (57,'1201005036701',1,'FILIZZOLA CARLOS','Juan Filizzola',27,'',4,'2011-11-16 10:35:21'),
 (58,'1201005036601',1,'FILIZZOLA JUAN','Juan Filizzola',27,'',4,'2011-11-16 10:37:05'),
 (59,'1201405072001',1,'EL AGUARIBAY','Harcava SA',9,'',6,'2021-11-03 10:48:55'),
 (60,'1201805011201',1,'GOTTARDINI','Gottardini',10,'',4,'2011-11-16 11:32:34'),
 (61,'1201005197501',1,'LA GUADALUPE','Fideicomiso Guadalupe',42,'',4,'2011-11-16 16:19:06'),
 (62,'1201005111901',1,'LANZILOTTA','Lanzilotta Miguel',21,'',4,'2011-11-16 17:23:39'),
 (63,'1200405032401',1,'TARQUINI A','Tarquini',28,'',6,'2013-11-06 10:47:55'),
 (64,'1200405067401',1,'SPATARO','Spataro',18,'',4,'2011-11-16 17:42:01'),
 (65,'1201005167801',1,'VIÑAS DE HUGO ALBERTO','Viñas de Hugo Alberto SA',31,'',4,'2011-11-16 17:58:15'),
 (66,'1201005166901',1,'COLOMBO','Colombo',34,'',6,'2013-11-06 10:17:39'),
 (67,'1200805044801',1,'LA MARTINA','Luconi',33,'',4,'2011-11-16 18:27:54'),
 (68,'1200705018001',1,'SUC ISGRÓ','Sucesión de Isgró',29,'',4,'2011-11-16 18:36:03'),
 (69,'1200905119901',1,'LAS CHICAS','BGAS Y VÑDOS C GRANATA',40,'',6,'2016-11-11 15:41:18'),
 (70,'1200905100501',1,'XERIPAISAJISMO','Xeripaisajismo SA Santiago Oliva',44,'',6,'2011-12-03 09:46:26'),
 (71,'1200905023001',1,'PASCUCCI','Pascucci',11,'',6,'2011-12-03 09:47:22'),
 (72,'1200905087601',1,'RAFTACCO','Raftacco',6,'',6,'2012-02-07 16:42:48'),
 (73,'1200905047501',1,'DAMICO','Damico',45,'',6,'2011-12-03 13:03:00'),
 (74,'1201405000805',1,'LA AMANECIDA 2','GABRIEL SALMEN',5,'',4,'2012-01-03 11:50:28'),
 (75,'1201405000905',1,'LA AMANECIDA 1','GABRIEL SALMEN',5,'',4,'2012-01-03 11:51:36'),
 (76,'1200705000805',0,'LANZILOTTA ROSA','LANZILOTTA ROSA',47,'',6,'2013-11-06 10:29:40'),
 (77,'1200705016005',1,'CAPELLI','CAPELLI ENRIQUE',48,'',6,'2012-01-18 15:46:42'),
 (78,'1200905002601',1,'CANTU A','CANTU ALEJANDRO',101,'',6,'2012-01-18 15:32:08'),
 (79,'1201305024102',1,'EL BUEY SA','EL BUEY SA',49,'',6,'2013-02-18 16:21:12'),
 (80,'1200805020301',1,'EL VERGEL','EL VERGEL',39,'',6,'2012-02-07 17:06:45'),
 (81,'1200805002901',1,'LANZILOTTA ROBERTO','LANZILOTTA ROSA',47,'',6,'2013-01-23 14:58:45'),
 (82,'1201705009205',1,'FRUTIHORT SAN NICOLAS SA','FRUTIHORTICOLA SAN NICOLAS SA',50,'',6,'2013-01-22 17:16:02'),
 (83,'1201805075501',1,'BALESTRA SERGIO','BALESTRA SERGIO',12,'',6,'2013-11-06 10:03:18'),
 (84,'1200700013400',1,'LANZILOTTA ROSA','LANZILOTTA ROSA',47,'',6,'2016-02-09 12:32:08'),
 (85,'1200405032601',1,'TARQUINI JM','TARQUINI ',22,'',6,'2013-11-06 10:52:06'),
 (86,'1201405022905',1,'NEJO SA','PINTO ',8,'',6,'2013-12-05 08:54:31'),
 (87,'1201005278001',1,'REINOSO','REINOSO',36,'',6,'2014-02-04 08:13:13'),
 (88,'1201405022705',1,'NIETO SA','NEJO SA',8,'',6,'2014-10-27 16:57:17'),
 (89,'1201405328701',1,'DOÑA ANTONIA SA','ORTIZ',52,'',6,'2014-12-16 08:54:11'),
 (90,'1201805071601',1,'NAVARRO FLORIAN','FLORIAN NAVARRO MARTINEZ',53,'',6,'2015-01-12 08:30:12'),
 (91,'9999999999999',0,'EL PASTAL','LANZILOTTA ROSA VIOLETA',47,'',6,'2016-02-09 12:32:24'),
 (92,'1200905037001',1,'EL PROGRESO','BODEGAS Y VÑDOS C GRANATA',41,'',6,'2016-11-11 15:41:56'),
 (93,'1201805002701',1,'GIULIANI JC','Juan Carlos Giuliani',99,'',6,'2020-12-02 09:31:35'),
 (94,'1201805055501',1,'ABRAHAM','Carlos José Abraham',102,'',6,'2016-11-25 06:06:10'),
 (95,'1201405019205',1,'CEREDA','CEREDA WALTER',103,'',6,'2017-01-17 19:13:04'),
 (96,'1200700017300',1,'FINCA ROCIO','GARCIA ROCIO DEL VALLE',104,'',21,'2017-11-14 16:41:06'),
 (97,'1201805011801',1,'TEJERA','TEJERA GERMAN',105,'',6,'2017-12-14 10:45:00'),
 (98,'1200905101302',1,'GARCIARENA','GARCIARENA MARIA',106,'',6,'2019-01-21 14:56:37'),
 (99,'1201705040001',1,'CONSOLI','CONSOLI SERGIO Y EDGARDO',107,'',6,'2020-01-18 13:20:34'),
 (100,'1200905091301',1,'MARTINEZ','MARTINEZ JUAN RUBEN Y CARLOS',19,'',6,'2020-11-13 17:53:22'),
 (101,'1201805001806',1,'GIULIANI E','GIULIANI EDUARDO ROBERTO',100,'',6,'2020-11-26 19:45:04'),
 (102,'1200805126101',1,'FINCA TULUMAYA','FIDEICOMISO FAK',35,'',6,'2021-02-02 11:15:36'),
 (103,'1201800034000',1,'GOLDEN HARVEST SA','GOLDEN HARVEST SA',43,'',6,'2021-02-15 11:00:48'),
 (104,'1201700029801',1,'BODEGAS Y VIÑEDOS PEDEMONTE','BODEGAS Y VIÑEDOS PEDEMONTE',108,'',6,'2021-03-15 17:11:39'),
 (105,'1200805060102',1,'ROBERTO CARLOS','ROBERTO CARLOS',109,'',6,'2021-06-16 12:16:20'),
 (106,'1201805001301',1,'GIULIANI R','GIULIANI ROBERTO MARIO',110,'',6,'2021-10-30 11:08:14'),
 (107,'1201805001401',1,'GIULIANI JULIO','GIULIANI JULIO ALEJANDRO ',111,'',6,'2021-10-30 11:14:12'),
 (108,'1200905101201',1,'EL ENCUENTRO','ENCUENTRO BERRIES',112,'',6,'2021-11-04 10:00:36'),
 (109,'1201805010001',1,'EL ALGARROBO','CONDOMINIO DE SANCHIS JHyOTROS',113,'',6,'2021-11-30 17:10:15'),
 (110,'1201805001501',1,'EL PERAL','Giuliani',114,'',11,'2021-11-30 20:44:19'),
 (111,'1201800041500',1,'EL NONO','MANONI ROXANA',115,'',17,'2021-12-11 08:50:11'),
 (112,'1201005211106',1,'FINCA BERTONA','FINCAS DE FAMILIA SA',116,'',6,'2021-12-15 08:23:14'),
 (113,'1201405089300',1,'CEREDA WALTER','CEREDA WALTER',117,'',6,'2022-02-16 11:34:54'),
 (114,'1201805021900',1,'GRUS SA','GRUS SA',118,'',6,'2022-03-16 17:12:27');
/*!40000 ALTER TABLE `fincas` ENABLE KEYS */;


--
-- Definition of table `parcelas`
--

DROP TABLE IF EXISTS `parcelas`;
CREATE TABLE `parcelas` (
  `prcFinca` int(10) unsigned NOT NULL,
  `prcUMI` varchar(12) COLLATE latin1_spanish_ci NOT NULL,
  `prcActiva` int(10) unsigned DEFAULT '1',
  `prcRef` varchar(45) COLLATE latin1_spanish_ci DEFAULT NULL,
  `prcSuperficie` double DEFAULT NULL,
  `prcChgBy` int(10) unsigned DEFAULT NULL,
  `prcFechaUM` datetime DEFAULT NULL,
  `prcGGN` varchar(13) COLLATE latin1_spanish_ci DEFAULT NULL,
  `prcVtoGGN` datetime DEFAULT NULL,
  `prcTCN` varchar(24) COLLATE latin1_spanish_ci DEFAULT NULL,
  PRIMARY KEY (`prcFinca`,`prcUMI`),
  KEY `Index_2` (`prcFinca`),
  CONSTRAINT `FK_parcelas_1` FOREIGN KEY (`prcFinca`) REFERENCES `fincas` (`fcaID`)
) ENGINE=InnoDB DEFAULT CHARSET=latin1 COLLATE=latin1_spanish_ci ROW_FORMAT=DYNAMIC;

--
-- Dumping data for table `parcelas`
--

/*!40000 ALTER TABLE `parcelas` DISABLE KEYS */;
INSERT INTO `parcelas` (`prcFinca`,`prcUMI`,`prcActiva`,`prcRef`,`prcSuperficie`,`prcChgBy`,`prcFechaUM`,`prcGGN`,`prcVtoGGN`,`prcTCN`) VALUES 
 (41,'1',1,'Parcela 1',5,1,'2011-11-14 11:05:23','','2011-11-09 00:00:00',''),
 (41,'2',1,'Parcela 2',5,1,'2011-11-14 11:15:12','','2011-11-14 00:00:00',''),
 (42,'1',1,'',8.5,4,'2011-11-14 16:19:55','','2012-01-06 00:00:00',''),
 (42,'10',1,'',5.5,4,'2011-11-14 16:34:01','','2012-01-06 00:00:00',''),
 (42,'11',1,'',6.5,4,'2011-11-14 16:34:09','','2012-01-06 00:00:00',''),
 (42,'12',1,'',5.5,4,'2011-11-14 16:34:17','','2012-01-06 00:00:00',''),
 (42,'12100122',1,'Parcela 5',3,4,'2011-11-15 09:33:51','','2012-01-06 00:00:00',''),
 (42,'12100123',1,'Parcela 6',3,4,'2011-11-15 09:33:31','','2012-01-06 00:00:00',''),
 (42,'12100124',1,'Parcela 8',2.4,4,'2011-11-15 09:33:43','','2012-01-06 00:00:00',''),
 (42,'13',1,'OVIEDO',1,6,'2012-11-29 09:13:24','','2001-01-01 00:00:00',''),
 (42,'2',1,'',8,4,'2011-11-14 16:20:25','','2012-01-06 00:00:00',''),
 (42,'3',1,'',6.5,4,'2011-11-14 16:32:06','','2012-01-06 00:00:00',''),
 (42,'4',1,'',6,4,'2011-11-14 16:32:26','','2012-01-06 00:00:00',''),
 (42,'5',1,'',2,4,'2011-11-15 09:34:11','','2012-01-06 00:00:00',''),
 (42,'6',1,'',2,4,'2011-11-15 09:34:20','','2012-01-06 00:00:00',''),
 (42,'7',1,'',4.5,4,'2011-11-14 16:33:32','','2012-01-06 00:00:00',''),
 (42,'8',1,'',3.3,4,'2011-11-15 09:34:31','','2012-01-06 00:00:00',''),
 (42,'9',1,'',5.5,4,'2011-11-14 16:33:52','','2012-01-06 00:00:00',''),
 (43,'1',1,'',4.7,6,'2017-12-14 10:44:19','4049928932884','2018-01-02 00:00:00',''),
 (43,'12',1,'',5,6,'2019-12-05 17:04:27','','2011-11-15 00:00:00',''),
 (43,'15',1,'Parcela 15',1,6,'2015-02-09 16:12:24','','2015-02-09 00:00:00',''),
 (43,'17',1,'',3,4,'2011-11-15 10:19:36','','2011-11-15 00:00:00',''),
 (43,'18',1,'',4,4,'2011-11-15 10:20:50','','2011-11-15 00:00:00',''),
 (43,'19',1,'',5,4,'2011-11-15 10:22:22','','2011-11-15 00:00:00',''),
 (43,'2',1,'',4.6,4,'2011-11-15 09:46:40','','2012-01-06 00:00:00',''),
 (43,'20',1,'43 OLIVERA',1,6,'2021-02-13 14:42:35','','2011-12-03 00:00:00',''),
 (43,'21',1,'46 suarez',1,6,'2021-02-11 20:13:03','','2011-12-05 00:00:00',''),
 (43,'22',1,'PEÑALOZA',4,6,'2020-03-10 16:37:03','','2012-02-07 00:00:00',''),
 (43,'23',0,'38 Luis Grion',1,6,'2019-11-20 16:45:41','','2012-02-07 00:00:00',''),
 (43,'24',0,'Pinto',200,6,'2019-11-20 16:45:32','','2012-11-26 00:00:00',''),
 (43,'28',0,'BINES MANZANA',5,6,'2019-11-20 16:43:58','','2013-03-18 00:00:00',''),
 (43,'3',1,'',4.7,4,'2011-11-15 09:48:58','','2011-11-15 00:00:00',''),
 (43,'4',1,'',5,4,'2011-11-15 09:51:55','','2012-01-06 00:00:00',''),
 (43,'5',1,'',5,4,'2011-11-15 09:53:25','','2011-11-15 00:00:00',''),
 (43,'6',1,'',5,6,'2013-02-19 08:56:20','','2011-11-15 00:00:00',''),
 (43,'7',1,'',5.6,4,'2011-11-15 09:58:47','','2012-01-06 00:00:00',''),
 (43,'8',1,'',0.53,4,'2011-11-15 10:02:20','','2011-11-15 00:00:00',''),
 (43,'9',1,'Parcela 9',5,6,'2014-12-17 18:49:32','','2014-12-17 00:00:00',''),
 (43,'MZ-0069-001',1,'Parcela 10',4,4,'2011-11-15 10:04:38','','2011-11-15 00:00:00',''),
 (43,'MZ-0069-002',1,'Parcela 11',4,4,'2011-11-15 10:05:44','','2011-11-15 00:00:00',''),
 (43,'MZ-0069-003',0,'Parcela 16',5,6,'2020-02-11 16:31:25','','2011-11-15 00:00:00',''),
 (43,'MZ-0069-004',1,'Parcela 13',5,4,'2011-11-15 10:11:20','','2011-11-15 00:00:00',''),
 (43,'MZ-0069-005',0,'Parcela 14',5,6,'2020-02-11 16:31:56','','2011-11-15 00:00:00',''),
 (43,'MZ-0069-006',1,'Parcela 15',5,4,'2011-11-15 10:12:45','','2011-11-15 00:00:00',''),
 (43,'MZ-0069-007',0,'Parcela 12',5,6,'2020-02-11 16:31:41','','2013-03-04 00:00:00',''),
 (43,'MZ-0069-008',0,'Parcela 13',1.67,6,'2019-11-20 16:46:13','','2018-03-16 00:00:00',''),
 (43,'MZ-0069-009',0,'Parcela 14',2.06,6,'2020-02-11 16:32:12','','2018-03-16 00:00:00',''),
 (43,'MZ-0069-010',1,'Parcela 15',2.54,6,'2018-03-16 17:05:11','','2018-03-16 00:00:00',''),
 (44,'1',0,'',5,6,'2013-11-06 10:38:29','','2012-01-06 00:00:00',''),
 (44,'12140138',0,'Parcela 3',2.2,6,'2013-11-06 10:38:31','','2012-01-06 00:00:00',''),
 (44,'12140139',0,'Parcela 4',1.85,6,'2013-11-06 10:38:37','','2012-01-06 00:00:00',''),
 (44,'12140140',0,'Parcela 4',1.85,6,'2013-11-06 10:38:40','','2012-01-06 00:00:00',''),
 (44,'2',0,'',3.5,6,'2013-11-06 10:38:44','','2011-11-15 00:00:00',''),
 (44,'5',0,'',6.2,6,'2013-11-06 10:38:47','','2012-01-06 00:00:00',''),
 (44,'6',0,'',2.2,6,'2013-11-06 10:38:57','','2012-01-06 00:00:00',''),
 (45,'1',1,'',2,4,'2011-11-15 11:19:39','','2012-01-06 00:00:00',''),
 (45,'2',1,'DURAZNO INDUSTRIA',2,6,'2014-01-03 18:24:54','','2014-01-03 00:00:00',''),
 (45,'3',1,'',2.3,4,'2011-11-15 11:19:47','','2012-01-06 00:00:00',''),
 (45,'4',1,'',1,6,'2013-12-24 09:23:44','','2012-01-06 00:00:00',''),
 (45,'6',0,'',1.5,6,'2013-11-06 10:01:50','','2011-11-15 00:00:00',''),
 (45,'7',0,'',1.25,6,'2013-11-06 10:01:54','','2011-11-15 00:00:00',''),
 (45,'8',1,'',2,6,'2013-12-24 09:23:59','','2011-11-15 00:00:00',''),
 (46,'1',1,'ADRIAN',1,6,'2011-12-03 10:15:27','','2011-11-16 00:00:00',''),
 (46,'2',1,'ADRIAN',1,6,'2011-12-03 10:15:38','','2011-11-16 00:00:00',''),
 (46,'3',1,'NATALIA',1,6,'2011-12-03 10:13:10','','2011-12-03 00:00:00',''),
 (46,'4',1,'ADRIAN',1,6,'2011-12-03 10:15:49','','2011-11-16 00:00:00',''),
 (46,'5',1,'NATALIA',1,6,'2011-12-03 10:13:42','','2011-12-03 00:00:00',''),
 (46,'6',1,'NATALIA',1,6,'2011-12-03 10:14:51','','2011-12-03 00:00:00',''),
 (46,'7',1,'NATALIA',1,6,'2011-12-03 10:15:12','','2011-12-03 00:00:00',''),
 (47,'12032061',0,'Parcela 1',2.5,4,'2011-11-15 11:41:03','','2012-01-06 00:00:00',''),
 (47,'12032062',0,'Parcela 2',3.5,4,'2011-11-15 11:41:11','','2012-01-06 00:00:00',''),
 (47,'12132056',1,'Parcela 5',2.5,4,'2011-11-15 11:42:49','','2012-01-06 00:00:00',''),
 (47,'5',1,'Parcela 5',2,6,'2018-02-15 13:02:01','','2018-02-15 00:00:00',''),
 (47,'MZ-0070-001',1,'Parcela 3',3,4,'2011-11-15 11:42:22','','2012-01-06 00:00:00',''),
 (47,'MZ-0070-002',1,'Parcela 4',2,4,'2011-11-15 11:42:36','','2012-01-06 00:00:00',''),
 (47,'MZ-0070-003',1,'Parcela 7',1.5,4,'2011-11-15 11:43:03','','2012-01-06 00:00:00',''),
 (47,'MZ-0070-004',1,'Parcela 9',3,4,'2011-11-15 11:43:18','','2012-01-06 00:00:00',''),
 (47,'MZ-0070-005',1,'Parcela 1',2.5,4,'2011-11-15 11:41:31','','2012-01-06 00:00:00',''),
 (47,'MZ-0070-006',1,'Parcela 2',3.5,4,'2011-11-15 11:41:48','','2012-01-06 00:00:00',''),
 (47,'MZ-0070-007',1,'Parcela 10',3,4,'2011-11-15 11:43:31','','2012-01-06 00:00:00',''),
 (47,'MZ-0070-008',1,'Parcela 11',3,4,'2011-11-15 11:43:57','','2012-01-06 00:00:00',''),
 (47,'MZ-0070-009',1,'Parcela 2',1,4,'2011-11-15 11:42:06','','2012-01-06 00:00:00',''),
 (47,'MZ-0070-010',1,'Parcela 10',1,4,'2011-11-15 11:43:45','','2012-01-06 00:00:00',''),
 (48,'12080052',1,'Parcela 1',2,4,'2011-11-15 16:09:55','','2011-11-15 00:00:00',''),
 (48,'12080053',1,'Parcela 2',2,4,'2011-11-15 16:10:18','','2011-11-15 00:00:00',''),
 (48,'12080054',1,'Parcela 3',2,4,'2011-11-15 16:10:36','','2011-11-15 00:00:00',''),
 (48,'12080055',1,'Parcela 4',4,4,'2011-11-15 16:11:09','','2011-11-15 00:00:00',''),
 (49,'1',1,'',0.5,4,'2011-11-15 16:19:50','','2011-11-15 00:00:00',''),
 (50,'1',1,'Parcela 1 y 2',2,4,'2011-11-15 16:26:00','','2011-11-15 00:00:00',''),
 (51,'1',1,'Parcela 1',1.5,4,'2011-11-15 16:40:18','','2011-11-15 00:00:00',''),
 (51,'10',1,'Parcela 10',1,4,'2011-11-15 16:44:45','','2011-11-15 00:00:00',''),
 (51,'11',1,'Parcela 11',1.5,4,'2011-11-15 16:45:42','','2011-11-15 00:00:00',''),
 (51,'12',1,'Parcela 12',2,6,'2013-01-26 09:00:27','','2013-01-26 00:00:00',''),
 (51,'13',1,'Parcela 13',1.5,4,'2011-11-15 16:46:06','','2011-11-15 00:00:00',''),
 (51,'15',1,'Parcela 15',1.5,4,'2011-11-15 16:46:30','','2011-11-15 00:00:00',''),
 (51,'2',1,'Parcela 2',1.5,4,'2011-11-15 16:41:10','','2011-11-15 00:00:00',''),
 (51,'3',1,'Parcela 3',4,4,'2011-11-15 16:42:43','','2011-11-15 00:00:00',''),
 (51,'4',1,'Parcela 4',1.5,4,'2011-11-15 16:43:20','','2011-11-15 00:00:00',''),
 (51,'5',1,'Parcela 5',4,4,'2011-11-15 16:43:46','','2011-11-15 00:00:00',''),
 (51,'6',1,'Parcela 6',1.5,4,'2011-11-15 16:44:08','','2011-11-15 00:00:00',''),
 (51,'7',1,'Parcela 7',1.5,4,'2011-11-15 16:44:22','','2011-11-15 00:00:00',''),
 (52,'1',1,'Parcela 1',2,4,'2011-11-15 17:17:43','','2011-11-15 00:00:00',''),
 (52,'12',1,'Parcela 12',0.5,6,'2019-09-10 10:33:17','','2019-09-10 00:00:00',''),
 (52,'13',1,'Parcela 13',1,6,'2019-09-10 10:36:28','','2019-09-10 00:00:00',''),
 (52,'14',1,'Parcela 14',1,6,'2019-09-10 10:38:33','','2019-09-10 00:00:00',''),
 (52,'2',1,'Parcela 2',4,4,'2011-11-15 17:18:00','','2011-11-15 00:00:00',''),
 (52,'3',1,'Parcela 3',2,6,'2019-09-10 09:02:37','','2019-09-10 00:00:00',''),
 (52,'4',1,'Parcela 4 ',0.5,6,'2019-09-10 09:03:27','','2019-09-10 00:00:00',''),
 (52,'5',1,'Parcela 5',0.5,6,'2019-09-10 09:27:29','','2019-09-10 00:00:00',''),
 (52,'6',1,'Parcela 6',2,6,'2019-09-10 10:06:14','','2019-09-10 00:00:00',''),
 (52,'7',1,'Parcela 7',0.5,6,'2019-09-10 10:16:17','','2019-09-10 00:00:00',''),
 (52,'8',1,'Parcela 8',1,6,'2019-09-10 10:17:39','','2019-09-10 00:00:00',''),
 (53,'02',1,'Cantú',1,6,'2013-12-09 09:53:44','','2013-12-09 00:00:00',''),
 (53,'1',1,'Parcela 1',3.5,4,'2011-11-15 17:41:32','','2011-11-15 00:00:00',''),
 (54,'1',0,'Parcela 1',1.5,6,'2020-11-13 17:44:49','','2011-11-16 00:00:00',''),
 (54,'2 ',0,'Parcela 2',1.5,6,'2020-11-13 17:44:44','','2011-11-16 00:00:00',''),
 (54,'3',0,'Parcela 3',1.5,6,'2020-11-13 17:44:37','','2011-11-16 00:00:00',''),
 (54,'4',0,'Parcela 4',1.5,6,'2020-11-13 17:44:29','','2011-11-16 00:00:00',''),
 (54,'5',0,'Parcela 5',1.1,6,'2020-11-13 17:44:22','','2011-11-16 00:00:00',''),
 (54,'6',0,'Parcela 6',1.64,6,'2020-11-13 17:44:06','','2011-11-16 00:00:00',''),
 (55,'1',1,'Parcela 1 y 12',1,4,'2011-11-16 10:15:18','','2011-11-16 00:00:00',''),
 (56,'1',1,'Parcela 1',1,4,'2011-11-16 10:37:44','','2011-11-16 00:00:00',''),
 (56,'2',1,'Parcela 2',1,4,'2011-11-16 10:38:00','','2011-11-16 00:00:00',''),
 (56,'3',1,'Parcela 3',1,4,'2011-11-16 10:38:14','','2011-11-16 00:00:00',''),
 (57,'1',1,'Parcela 1',2,4,'2011-11-16 10:55:59','','2011-11-16 00:00:00',''),
 (58,'1',1,'Parcela 1',1,4,'2011-11-16 10:57:26','','2011-11-16 00:00:00',''),
 (59,'0',0,'Parcela Ajuste',1,6,'2020-11-09 08:17:26','','2019-11-18 00:00:00',''),
 (59,'00000000010',0,'ENCUENTRO',50000,6,'2020-11-09 08:16:54','','2020-11-06 00:00:00',''),
 (59,'1',1,'Parcela 1',1,6,'2021-10-30 11:09:59','4063061159892','2021-11-11 00:00:00',''),
 (59,'10',0,'ENCUENTRO',10,6,'2021-11-08 19:14:42','','2020-11-09 00:00:00',''),
 (59,'15',1,'Parcela 15',1,6,'2019-11-06 17:32:10','','2019-11-06 00:00:00',''),
 (59,'2',1,'Parcela 2',1,6,'2021-10-30 11:11:05','4063061159892','2021-11-11 00:00:00',''),
 (59,'3',1,'Parcela 3',1,6,'2021-10-30 11:11:29','4063061159892','2021-11-11 00:00:00',''),
 (59,'4',0,'Parcela 4',1,6,'2020-11-02 12:06:56','','2011-11-16 00:00:00',''),
 (59,'5',1,'FRAGAPANE',10,6,'2020-11-09 16:53:29','','2011-11-16 00:00:00',''),
 (59,'5-FRAGAPANE.',0,'',5000,11,'2020-11-09 10:10:37','','2020-11-07 00:00:00',''),
 (59,'6',0,'Parcela 6',1,6,'2020-11-02 12:07:03','','2011-11-16 00:00:00',''),
 (59,'7',0,'Parcela 7',1,6,'2020-11-02 12:07:06','','2011-11-16 00:00:00',''),
 (60,'1',1,'Parcela 1',1,4,'2011-11-16 11:33:21','','2011-11-16 00:00:00',''),
 (60,'2',1,'Parcela 2',1,4,'2011-11-16 11:37:44','','2011-11-16 00:00:00',''),
 (61,'02',1,'parcela 2',1,6,'2015-11-25 16:08:46','','2015-11-25 00:00:00',''),
 (61,'1',1,'Parcela 1',1,6,'2013-11-06 10:22:06','','2013-11-06 00:00:00',''),
 (61,'3',1,'Parcela 3',1,4,'2011-11-16 18:29:00','','2011-11-16 00:00:00',''),
 (61,'4',1,'Parcela 4',1,6,'2018-11-02 18:41:33','','2018-11-02 00:00:00',''),
 (62,'1',1,'Parcela 1',1,4,'2011-11-16 18:30:43','','2011-11-16 00:00:00',''),
 (63,'1',1,'Parcela 1',3,4,'2011-11-16 18:04:00','','2011-11-16 00:00:00',''),
 (63,'2',1,'Parcela 2',1,4,'2011-11-16 18:04:36','','2011-11-16 00:00:00',''),
 (64,'1',1,'Parcela 1',4,4,'2011-11-16 18:07:13','','2011-11-16 00:00:00',''),
 (64,'2',1,'Parcela 2',1,4,'2011-11-16 18:07:26','','2011-11-16 00:00:00',''),
 (64,'3',1,'CANTU D',3,6,'2014-11-27 11:06:48','','2014-11-27 00:00:00',''),
 (65,'1',1,'Parcela 1',5,4,'2011-11-16 17:59:00','','2011-11-16 00:00:00',''),
 (66,'1',1,'Parcela 1',1,4,'2011-11-16 18:23:10','','2011-11-16 00:00:00',''),
 (67,'1',1,'Parcela 1',1,4,'2011-11-16 18:28:13','','2011-11-16 00:00:00',''),
 (68,'1',1,'Parcela 1',1,4,'2011-11-16 18:36:29','','2011-11-16 00:00:00',''),
 (69,'1',1,'',4,6,'2016-11-11 16:23:00','','2011-11-22 00:00:00',''),
 (69,'2',1,'LAS CHICAS',1,6,'2014-11-06 12:33:01','','2013-11-29 00:00:00',''),
 (69,'3',1,'VIÑERA PERDRIEL',1,6,'2015-12-16 17:12:56','','2015-12-16 00:00:00',''),
 (70,'1',1,'Parcela 1',1,6,'2011-12-03 09:56:18','','2011-12-03 00:00:00',''),
 (71,'1',1,'Parcela 1',1,6,'2011-12-03 09:50:16','','2011-12-03 00:00:00',''),
 (72,'1',1,'Parcela 1',1,6,'2011-12-03 09:54:20','','2011-12-03 00:00:00',''),
 (73,'1',1,'Parcela 1',2,6,'2011-12-03 13:03:24','','2011-12-03 00:00:00',''),
 (74,'12140164',1,'',1.35,4,'2012-01-03 11:52:16','','2012-01-03 00:00:00',''),
 (74,'12140166',1,'',0.5,4,'2012-01-03 11:52:46','','2012-01-03 00:00:00',''),
 (75,'12140168',1,'',1.6,4,'2012-01-03 11:54:10','','2012-01-03 00:00:00',''),
 (75,'12140169',1,'',1.4,4,'2012-01-03 11:55:03','','2012-01-03 00:00:00',''),
 (76,'MZ-0131-001',0,'Parcela 1',2.32,6,'2013-11-06 10:29:27','','2012-01-12 00:00:00',''),
 (76,'MZ-0131-002',0,'Parcela 2',2.5,6,'2013-11-06 10:29:30','','2012-01-12 00:00:00',''),
 (76,'MZ-0131-003',0,'Parcela 3',2,6,'2013-11-06 10:29:34','','2012-01-12 00:00:00',''),
 (77,'01',1,'Parcela 1',1,6,'2012-01-17 10:37:59','','2012-01-17 00:00:00',''),
 (78,'MZ-0001-001',1,'Parcela 1',1.23,6,'2012-01-18 15:32:41','','2012-01-18 00:00:00',''),
 (78,'MZ-0001-002',1,'Parcela 2',1.07,6,'2012-01-18 15:33:07','','2012-01-18 00:00:00',''),
 (78,'MZ-0001-003',1,'Parcela 3',0.96,6,'2012-01-18 15:33:36','','2012-01-18 00:00:00',''),
 (78,'MZ-0001-004',1,'Parcela 4',1.01,6,'2012-01-18 15:34:02','','2012-01-18 00:00:00',''),
 (79,'1',1,'parcela 1',7,6,'2017-01-24 14:45:23','','2017-01-24 00:00:00',''),
 (79,'12132248',1,'12132248',6.7,6,'2013-02-18 16:27:44','','2012-01-23 00:00:00',''),
 (79,'12133190',1,'12133190',6.7,6,'2013-02-18 16:28:05','','2012-02-07 00:00:00',''),
 (79,'12133501',1,'12133501',3.35,6,'2015-01-30 15:27:52','','2015-01-30 00:00:00',''),
 (79,'12133502',1,'12133502',3.35,6,'2015-01-16 07:22:35','','2015-01-16 00:00:00',''),
 (79,'12133503',1,'12133503',3.35,6,'2015-01-16 07:24:07','','2015-01-13 00:00:00',''),
 (80,'1',1,'Parcela 1',1,6,'2012-02-07 17:07:18','','2012-02-07 00:00:00',''),
 (80,'2',1,'37 Santilli',1,6,'2013-11-06 10:59:35','','2013-02-04 00:00:00',''),
 (80,'3',1,'51 Acevedo',1,6,'2020-01-28 19:51:26','','2013-02-05 00:00:00',''),
 (81,'1',1,'PARCELA',1,6,'2012-12-11 18:04:16','','2012-12-11 00:00:00',''),
 (81,'2',1,'CALABRO',1,6,'2014-02-05 06:43:15','','2014-02-05 00:00:00',''),
 (81,'3',1,'ACEVEDO',2,6,'2014-02-05 19:36:08','','2014-02-05 00:00:00',''),
 (82,'1',1,'Parcela 1',5,6,'2013-01-22 17:16:59','','2013-01-22 00:00:00',''),
 (82,'2',1,'Parcela 2',3,6,'2013-01-22 17:17:15','','2013-01-22 00:00:00',''),
 (83,'1',1,'',1,6,'2013-12-24 09:26:00','','2013-12-24 00:00:00',''),
 (83,'4',0,'Parcela 4',1,6,'2013-12-24 09:25:51','','2013-11-06 00:00:00',''),
 (83,'6',1,'Parcela 6',1,6,'2013-11-06 10:04:50','','2013-11-06 00:00:00',''),
 (83,'7',1,'Parcela 7',1,6,'2013-11-06 10:05:39','','2013-11-06 00:00:00',''),
 (83,'8',0,'Parcela 8',1,6,'2013-12-24 09:25:29','','2013-11-06 00:00:00',''),
 (84,'1',1,'Parcela 1',1,6,'2013-11-06 10:32:20','','2013-11-06 00:00:00',''),
 (84,'6',1,'Parcela 6',1,6,'2013-11-06 10:33:48','','2013-11-06 00:00:00',''),
 (84,'7',1,'REINOSO',1,6,'2014-02-03 18:44:51','','2014-02-03 00:00:00',''),
 (84,'MZ-0131-001',1,'',2.32,6,'2013-11-06 10:35:17','','2013-11-06 00:00:00',''),
 (84,'MZ-0131-002',1,'',2,6,'2013-11-06 10:36:01','','2013-11-06 00:00:00',''),
 (84,'MZ-0131-003',1,'',2,6,'2013-11-06 10:36:18','','2013-11-06 00:00:00',''),
 (85,'1',1,'Parcela 1',2,6,'2013-11-06 10:54:22','','2013-11-06 00:00:00',''),
 (86,'01',1,'Parcela 1',1,6,'2013-12-05 08:55:55','','2013-12-05 00:00:00',''),
 (87,'1',1,'Parcela 1',1,6,'2014-02-04 08:13:46','','2014-02-04 00:00:00',''),
 (88,'01',1,'Parcela 1',1,6,'2014-10-27 16:57:51','','2014-10-27 00:00:00',''),
 (89,'01',1,'Parcela 1',3,6,'2014-12-16 08:55:50','','2014-12-16 00:00:00',''),
 (89,'02',1,'Parcela 2',1,6,'2016-02-03 16:21:55','','2016-02-03 00:00:00',''),
 (90,'1',1,'Parcela 1',5,6,'2015-01-12 08:30:57','','2015-01-12 00:00:00',''),
 (92,'1',1,'EL PROGRESO',2.5,6,'2016-11-11 15:24:19','','2016-11-11 00:00:00',''),
 (93,'1',1,'Parcela 1',10,6,'2020-12-02 09:31:55','','2016-11-23 00:00:00',''),
 (94,'1',1,'Parcela 1',2,6,'2016-11-25 06:07:21','','2016-11-25 00:00:00',''),
 (95,'1',1,'',1,6,'2017-01-17 19:11:36','','2017-01-17 00:00:00',''),
 (96,'1',1,'',1.5,21,'2017-11-14 16:44:18','','2017-11-14 00:00:00',''),
 (97,'1',1,'Parcela 1',1,6,'2017-12-14 10:43:16','','2017-12-14 00:00:00',''),
 (98,'01',1,'Parcela 01',2,6,'2019-01-21 14:58:56','','2019-01-21 00:00:00',''),
 (99,'MZ-0063-001',1,'Parcela 11',0.5,6,'2020-01-20 17:56:54','','2020-01-20 00:00:00',''),
 (99,'MZ-0063-002',1,'Parcela 10',1.2,6,'2020-01-20 18:00:55','','2020-01-20 00:00:00',''),
 (99,'MZ-0063-003',1,'Parcela 10-11',5.7,6,'2020-01-20 18:02:43','','2020-01-20 00:00:00',''),
 (100,'01',1,'Parcela 1',10,6,'2020-11-13 17:56:43','','2020-11-13 00:00:00',''),
 (101,'1',1,'Parcela 1',10,6,'2020-11-26 19:46:01','','2020-11-26 00:00:00',''),
 (102,'01',1,'Parcela 1',10,6,'2021-02-02 11:17:15','','2021-02-02 00:00:00',''),
 (103,'1',1,'Parcela 1',1,6,'2021-02-15 10:59:28','','2021-02-15 00:00:00',''),
 (104,'01',1,'Parcela 1',1,6,'2021-03-15 17:16:20','','2021-03-15 00:00:00',''),
 (105,'01',1,'Parcela 1',10,6,'2021-06-16 12:17:37','','2021-06-16 00:00:00',''),
 (106,'01',1,'Parcela 1',1.2,6,'2021-10-30 11:08:46','','2021-10-30 00:00:00',''),
 (107,'01',1,'Parcela 1',10,6,'2021-10-30 11:15:59','','2021-10-30 00:00:00',''),
 (108,'01',1,'Parcela 1',20,6,'2021-11-04 10:08:55','','2021-11-04 00:00:00',''),
 (109,'01',1,'Parcela 1',1,6,'2021-11-30 17:11:47','','2021-11-30 00:00:00',''),
 (109,'02',1,'PARCELA  2',1,6,'2021-12-06 17:45:18','','2021-12-06 00:00:00',''),
 (110,'01',1,'Parcela 1',1,6,'2021-12-01 10:06:47','','2021-11-29 00:00:00',''),
 (110,'Parcela 1',0,'',1,6,'2021-12-01 10:06:32','','2021-11-30 00:00:00',''),
 (111,'01',1,'Parcela 1',5.23,17,'2021-12-11 08:50:53','','2021-12-11 00:00:00',''),
 (112,'01',1,'Parcela 1',1,6,'2021-12-15 08:24:05','','2021-12-15 00:00:00',''),
 (113,'01',1,'Parcela 1',10,6,'2022-02-16 11:38:18','','2022-02-16 00:00:00',''),
 (114,'01',1,'Parcela 1',3,6,'2022-03-16 17:13:02','','2022-03-16 00:00:00','');
/*!40000 ALTER TABLE `parcelas` ENABLE KEYS */;


--
-- Definition of table `parcelavariedad`
--

DROP TABLE IF EXISTS `parcelavariedad`;
CREATE TABLE `parcelavariedad` (
  `vepFinca` int(10) unsigned NOT NULL,
  `vepUMI` varchar(12) COLLATE latin1_spanish_ci NOT NULL,
  `vepVariedad` int(10) unsigned NOT NULL,
  `vepActiva` int(10) unsigned DEFAULT '1',
  `vepProdEstim` int(10) unsigned NOT NULL,
  `vepProdMax` int(10) unsigned NOT NULL,
  `vepIscamen` double DEFAULT '0',
  `vepChgBy` int(10) unsigned DEFAULT NULL,
  `vepFechaUM` datetime NOT NULL,
  PRIMARY KEY (`vepFinca`,`vepUMI`,`vepVariedad`),
  KEY `FK_parcelavariedad_2` (`vepVariedad`),
  CONSTRAINT `FK_parcelavariedad_2` FOREIGN KEY (`vepVariedad`) REFERENCES `variedades` (`vrdID`),
  CONSTRAINT `FK_parcelavariedad_1` FOREIGN KEY (`vepFinca`, `vepUMI`) REFERENCES `parcelas` (`prcFinca`, `prcUMI`)
) ENGINE=InnoDB DEFAULT CHARSET=latin1 COLLATE=latin1_spanish_ci ROW_FORMAT=DYNAMIC;

--
-- Dumping data for table `parcelavariedad`
--

/*!40000 ALTER TABLE `parcelavariedad` DISABLE KEYS */;
INSERT INTO `parcelavariedad` (`vepFinca`,`vepUMI`,`vepVariedad`,`vepActiva`,`vepProdEstim`,`vepProdMax`,`vepIscamen`,`vepChgBy`,`vepFechaUM`) VALUES 
 (41,'1',1,0,11000,20000,0,1,'2011-11-14 10:57:35'),
 (41,'1',2,1,35000,36000,0,1,'2011-11-14 11:17:43'),
 (41,'1',3,1,50000,50000,0,6,'2016-11-01 18:40:00'),
 (41,'1',4,1,30000,35000,0,1,'2011-11-14 11:18:40'),
 (41,'1',22,1,50000,100000,0,6,'2021-12-06 14:41:25'),
 (41,'1',59,1,15000,15000,0,6,'2017-11-09 15:34:24'),
 (41,'1',64,1,1500,1500,0,6,'2013-11-06 10:40:55'),
 (41,'1',96,1,50000,100000,0,6,'2020-11-19 17:55:24'),
 (41,'2',6,1,500,2000,0,6,'2013-02-01 19:54:08'),
 (41,'2',8,1,1000,2000,0,1,'2011-11-14 11:20:43'),
 (41,'2',9,1,57000,60000,0,1,'2011-11-14 11:19:11'),
 (41,'2',12,1,4000,5000,0,1,'2011-11-14 11:19:52'),
 (41,'2',13,1,2000,3000,0,1,'2011-11-14 11:20:11'),
 (41,'2',18,1,55000,60000,0,1,'2011-11-14 11:16:23'),
 (41,'2',21,1,10000,10000,0,11,'2017-11-21 15:28:23'),
 (41,'2',65,1,15000,15000,0,6,'2013-11-06 10:41:18'),
 (42,'1',12,1,50000,55000,0,4,'2011-11-14 16:22:50'),
 (42,'1',13,1,6000,8000,0,4,'2011-11-14 17:49:46'),
 (42,'1',40,1,0,0,0,4,'2011-11-14 16:26:45'),
 (42,'1',42,1,0,0,0,4,'2011-11-14 16:26:15'),
 (42,'1',46,1,0,0,0,4,'2011-11-14 16:27:19'),
 (42,'1',58,1,0,0,0,4,'2011-11-14 16:25:19'),
 (42,'10',8,1,37500,40000,0,4,'2011-11-14 17:41:42'),
 (42,'10',10,1,7000,8000,0,4,'2011-11-14 17:40:23'),
 (42,'10',17,1,16000,20000,0,4,'2011-11-14 17:41:04'),
 (42,'10',19,1,16000,20000,0,4,'2011-11-14 17:40:47'),
 (42,'11',7,1,22000,25000,0,4,'2011-11-14 17:42:54'),
 (42,'11',8,1,12500,15000,0,4,'2011-11-14 17:43:54'),
 (42,'11',10,1,7000,8500,0,4,'2011-11-14 17:42:38'),
 (42,'11',11,1,1400,3000,0,4,'2011-11-14 17:44:39'),
 (42,'11',14,1,8400,9500,0,4,'2011-11-14 17:44:15'),
 (42,'11',16,1,7000,8500,0,4,'2011-11-14 17:43:38'),
 (42,'12',8,1,12500,15000,0,4,'2011-11-14 17:47:21'),
 (42,'12',10,1,7000,9500,0,4,'2011-11-14 17:45:21'),
 (42,'12',11,1,1400,2500,0,4,'2011-11-14 17:48:06'),
 (42,'12',14,1,8400,9500,0,4,'2011-11-14 17:47:41'),
 (42,'12',16,1,7000,8500,0,4,'2011-11-14 17:46:59'),
 (42,'12100122',51,1,90000,92000,0,4,'2011-11-14 17:35:03'),
 (42,'12100123',51,1,75000,77000,0,4,'2011-11-14 17:34:35'),
 (42,'12100124',55,1,95000,100000,0,4,'2011-11-14 17:33:56'),
 (42,'13',21,1,15000,30000,0,6,'2012-11-29 09:14:32'),
 (42,'2',12,1,72500,75000,0,4,'2011-11-14 16:28:40'),
 (42,'2',13,1,6000,8000,0,4,'2011-11-14 17:50:18'),
 (42,'2',17,1,40000,45000,0,4,'2011-11-14 16:30:00'),
 (42,'2',19,1,15000,18000,0,4,'2011-11-14 16:30:52'),
 (42,'3',7,1,66000,70000,0,4,'2011-11-14 16:55:21'),
 (42,'3',8,1,80000,85000,0,4,'2011-11-14 16:56:04'),
 (42,'4',7,1,120000,125000,0,4,'2011-11-14 16:56:36'),
 (42,'5',21,1,30000,50000,0,4,'2011-11-14 17:21:59'),
 (42,'6',21,1,30000,50000,0,4,'2011-11-14 16:58:33'),
 (42,'6',22,1,5000,60000,0,6,'2011-12-09 11:24:14'),
 (42,'7',7,1,2000,5000,0,4,'2011-11-14 16:59:09'),
 (42,'7',8,1,5000,8000,0,4,'2011-11-14 17:27:53'),
 (42,'7',10,1,6000,8000,0,4,'2011-11-14 17:26:03'),
 (42,'7',14,1,6000,8000,0,4,'2011-11-14 17:26:35'),
 (42,'7',15,1,16000,20000,0,4,'2011-11-14 17:27:03'),
 (42,'8',7,1,40000,42000,0,4,'2011-11-14 17:35:36'),
 (42,'8',8,1,7500,9000,0,4,'2011-11-14 17:36:11'),
 (42,'8',10,1,10000,12000,0,4,'2011-11-14 17:35:51'),
 (42,'9',8,1,37500,40000,0,4,'2011-11-14 17:39:46'),
 (42,'9',10,1,8000,10000,0,4,'2011-11-14 17:38:04'),
 (42,'9',17,1,16000,20000,0,4,'2011-11-14 17:39:09'),
 (42,'9',19,1,10000,15000,0,4,'2011-11-14 17:38:50'),
 (42,'9',61,1,6000,8000,0,6,'2011-12-15 20:44:14'),
 (43,'1',2,1,15000,15000,0,6,'2013-11-27 19:12:48'),
 (43,'1',3,1,1000,1500,0,4,'2011-11-15 09:45:41'),
 (43,'1',5,1,2000,5000,0,4,'2011-11-15 09:45:03'),
 (43,'1',8,1,4000,6000,0,4,'2011-11-15 09:46:07'),
 (43,'1',59,1,5000,8000,0,4,'2011-11-15 09:43:32'),
 (43,'1',60,1,5000,30000,0,8,'2012-12-08 09:51:00'),
 (43,'1',64,1,15000,50000,0,6,'2011-12-03 09:53:58'),
 (43,'12',28,1,5000,20000,0,6,'2021-02-10 19:46:50'),
 (43,'12',36,0,0,0,0,6,'2019-11-20 16:46:43'),
 (43,'12',93,0,50000,20000,0,6,'2019-11-20 16:46:41'),
 (43,'12',100,1,15000,30000,0,6,'2019-12-05 17:04:55'),
 (43,'12',115,1,5000,50000,0,24,'2020-12-17 16:15:13'),
 (43,'15',42,1,35000,150000,0,6,'2015-02-09 16:12:43'),
 (43,'17',7,1,40000,50000,0,4,'2011-11-15 10:20:10'),
 (43,'17',8,1,20000,30000,0,4,'2011-11-15 10:20:37'),
 (43,'18',24,1,12000,15000,0,4,'2011-11-15 10:22:08'),
 (43,'18',27,1,6000,8000,0,4,'2011-11-15 10:21:35'),
 (43,'18',31,1,20000,30000,0,4,'2011-11-15 10:21:49'),
 (43,'18',42,1,30000,40000,0,4,'2011-11-15 10:21:13'),
 (43,'19',24,1,16000,25000,0,4,'2011-11-15 10:22:44'),
 (43,'19',26,1,50000,80000,0,6,'2015-01-10 07:24:57'),
 (43,'19',27,1,25000,30000,0,4,'2011-11-15 10:23:34'),
 (43,'19',31,1,25000,30000,0,4,'2011-11-15 10:23:23'),
 (43,'19',32,1,20000,25000,0,4,'2011-11-15 10:23:04'),
 (43,'2',7,0,50000,65000,0,6,'2014-12-17 11:20:29'),
 (43,'2',8,0,45000,60000,0,6,'2014-12-17 11:20:32'),
 (43,'2',21,1,50000,50000,0,6,'2014-11-13 17:12:47'),
 (43,'2',22,1,30000,100000,0,6,'2014-12-17 11:20:19'),
 (43,'2',24,1,40000,50000,0,4,'2011-11-15 09:48:35'),
 (43,'20',2,0,15000,15000,0,6,'2019-11-20 16:43:23'),
 (43,'20',28,1,50000,100000,0,6,'2021-02-13 14:43:29'),
 (43,'20',64,0,15000,15000,0,6,'2019-11-20 16:43:20'),
 (43,'21',2,0,50000,49000,0,6,'2019-11-20 16:43:37'),
 (43,'21',64,0,51000,50000,0,6,'2019-11-20 16:43:34'),
 (43,'21',106,1,50000,200000,0,6,'2021-02-20 08:22:23'),
 (43,'21',117,1,30000,100000,0,6,'2021-02-11 20:13:21'),
 (43,'21',118,1,50000,200000,0,6,'2021-02-25 12:12:35'),
 (43,'21',119,1,5000,200000,0,6,'2021-02-25 12:13:15'),
 (43,'22',51,0,50000,100000,0,6,'2019-11-20 16:45:47'),
 (43,'22',52,0,50000,200000,0,6,'2019-11-20 16:45:50'),
 (43,'22',106,1,20000,50000,0,6,'2020-03-10 16:39:08'),
 (43,'23',12,0,5000,50000,0,6,'2019-11-20 16:45:38'),
 (43,'24',21,0,15000,30000,0,6,'2019-11-20 16:45:29'),
 (43,'24',58,0,35000,60000,0,6,'2019-11-20 16:44:21'),
 (43,'3',29,1,20000,40000,0,4,'2011-11-15 09:50:38'),
 (43,'3',41,1,16000,20000,0,4,'2011-11-15 09:51:34'),
 (43,'3',50,1,16000,20000,0,4,'2011-11-15 09:51:08'),
 (43,'4',7,1,54000,60000,0,4,'2011-11-15 09:53:09'),
 (43,'4',8,1,28000,35000,0,4,'2011-11-15 09:52:39'),
 (43,'4',32,1,15000,25000,0,4,'2011-11-15 09:52:13'),
 (43,'5',25,1,68000,70000,0,4,'2011-11-15 09:54:57'),
 (43,'5',28,1,55000,65000,0,4,'2011-11-15 09:53:50'),
 (43,'5',33,1,25000,35000,0,4,'2011-11-15 09:55:53'),
 (43,'5',40,1,42000,50000,0,4,'2011-11-15 09:54:27'),
 (43,'5',45,1,50000,200000,0,6,'2015-02-10 08:01:52'),
 (43,'5',98,1,50000,100000,0,6,'2018-12-31 07:34:41'),
 (43,'5',99,1,50000,100000,0,6,'2018-12-31 07:36:29'),
 (43,'6',23,1,6000,10000,0,6,'2016-01-08 21:30:36'),
 (43,'6',30,1,36500,45000,0,4,'2011-11-15 09:57:02'),
 (43,'6',33,1,20000,30000,0,4,'2011-11-15 09:58:27'),
 (43,'6',45,1,60000,70000,0,4,'2011-11-15 09:57:55'),
 (43,'6',88,1,15000,50000,0,6,'2015-12-15 20:19:28'),
 (43,'6',98,1,50000,50000,0,6,'2018-02-05 16:23:56'),
 (43,'7',2,1,50000,10000,0,6,'2021-11-25 18:03:05'),
 (43,'7',3,1,3000,5000,0,4,'2011-11-15 10:00:46'),
 (43,'7',5,1,4000,6000,0,4,'2011-11-15 10:00:17'),
 (43,'7',39,1,0,0,0,4,'2011-11-15 10:01:11'),
 (43,'7',41,1,50000,50000,0,6,'2018-03-05 15:49:57'),
 (43,'7',42,1,25000,35000,0,4,'2011-11-15 09:59:46'),
 (43,'7',47,1,0,0,0,4,'2011-11-15 10:01:19'),
 (43,'7',49,0,50000,50000,0,6,'2018-02-27 16:06:09'),
 (43,'8',2,1,50000,200000,0,6,'2021-12-14 18:41:39'),
 (43,'8',5,1,50000,100000,0,11,'2017-12-19 17:15:10'),
 (43,'8',36,0,0,0,0,6,'2020-02-11 16:32:46'),
 (43,'8',47,1,0,0,0,4,'2011-11-15 10:02:40'),
 (43,'8',59,1,15000,30000,0,6,'2019-11-20 16:42:32'),
 (43,'8',64,1,2000,50000,0,6,'2021-12-14 18:43:38'),
 (43,'8',90,1,50000,50000,0,6,'2016-03-04 09:15:33'),
 (43,'8',102,1,15000,30000,0,6,'2019-11-30 08:22:43'),
 (43,'9',28,1,50000,100000,0,6,'2019-02-08 16:03:00'),
 (43,'9',39,1,30000,60000,0,6,'2018-02-27 16:06:53'),
 (43,'9',43,1,50000,150000,0,6,'2014-12-17 18:49:56'),
 (43,'9',45,1,50000,100000,0,6,'2019-02-19 15:59:13'),
 (43,'9',47,1,50000,50000,0,6,'2018-02-27 16:05:36'),
 (43,'MZ-0069-001',51,1,70000,280000,0,4,'2011-11-15 10:18:49'),
 (43,'MZ-0069-001',52,1,20000,20000,0,6,'2020-02-14 18:43:52'),
 (43,'MZ-0069-002',51,1,70000,280000,0,4,'2011-11-15 10:19:05'),
 (43,'MZ-0069-003',51,0,90000,91000,0,6,'2020-02-11 16:31:14'),
 (43,'MZ-0069-003',52,0,70000,175000,0,6,'2019-11-20 16:47:02'),
 (43,'MZ-0069-004',34,1,40000,200000,0,4,'2011-11-15 10:17:19'),
 (43,'MZ-0069-004',93,1,50000,50000,0,6,'2021-04-12 09:11:48'),
 (43,'MZ-0069-005',34,0,40000,200000,0,6,'2020-02-11 16:31:52'),
 (43,'MZ-0069-006',34,1,40000,200000,0,4,'2011-11-15 10:17:46'),
 (43,'MZ-0069-007',75,0,10000,10000,0,6,'2019-12-05 17:03:53'),
 (43,'MZ-0069-007',76,0,50000,100000,0.2,6,'2019-12-05 17:03:25'),
 (43,'MZ-0069-008',75,0,50000,250000,0,6,'2019-11-20 16:46:10'),
 (43,'MZ-0069-009',75,0,50000,250000,0,6,'2020-02-11 16:32:09'),
 (43,'MZ-0069-010',75,1,50000,250000,0,6,'2018-03-16 17:07:27'),
 (44,'1',56,0,400,5000,0,6,'2013-11-06 10:37:18'),
 (44,'12140138',51,0,70000,154000,0,6,'2013-11-06 10:37:23'),
 (44,'12140139',51,0,55000,101750,0,6,'2013-11-06 10:37:26'),
 (44,'12140140',51,0,55000,101750,0,6,'2013-11-06 10:37:30'),
 (44,'2',13,0,3600,5000,0,6,'2013-11-06 10:37:38'),
 (44,'2',15,0,10000,25000,0,6,'2013-11-06 10:37:35'),
 (44,'5',23,0,30000,48000,0,6,'2013-11-06 10:37:43'),
 (44,'5',25,0,25000,45000,0,6,'2013-11-06 10:37:47'),
 (44,'5',40,0,30000,50000,0,6,'2013-11-06 10:37:49'),
 (44,'6',7,0,1500,2000,0,6,'2013-11-06 10:38:22'),
 (44,'6',8,0,1500,2000,0,6,'2013-11-06 10:38:01'),
 (44,'6',18,0,15000,25000,0,6,'2013-11-06 10:38:07'),
 (44,'6',61,0,1200,3000,0,6,'2013-11-06 10:38:04'),
 (45,'1',10,1,50000,50000,0,6,'2018-02-05 20:27:09'),
 (45,'1',12,1,50000,60000,0,4,'2011-11-15 11:06:27'),
 (45,'2',81,1,15000,45000,0,6,'2014-01-03 18:25:28'),
 (45,'2',83,1,15000,45000,0,6,'2014-01-03 18:52:20'),
 (45,'3',7,1,8500,15000,0,4,'2011-11-15 11:07:22'),
 (45,'3',8,1,34000,45000,0,4,'2011-11-15 11:07:47'),
 (45,'4',43,1,50000,100000,0,6,'2016-01-12 07:15:16'),
 (45,'4',45,1,40000,50000,0,6,'2013-12-24 09:24:33'),
 (45,'6',28,0,45000,55000,0,6,'2013-11-06 10:01:32'),
 (45,'7',43,0,44000,55000,0,6,'2013-11-06 10:01:37'),
 (45,'8',28,1,50000,100000,0,6,'2019-02-08 18:37:02'),
 (45,'8',30,1,35000,70000,0,6,'2013-12-24 09:25:06'),
 (46,'1',13,1,25000,50000,0,4,'2011-11-16 18:32:58'),
 (46,'1',94,1,30000,50000,0,6,'2017-01-10 18:04:45'),
 (46,'2',12,1,25000,50000,0,4,'2011-11-16 18:33:18'),
 (46,'3',18,1,25000,50000,0,6,'2011-12-22 20:41:53'),
 (46,'4',12,1,25000,50000,0,4,'2011-11-16 18:33:56'),
 (46,'4',40,1,50000,150000,0,4,'2011-11-16 18:34:19'),
 (46,'5',12,1,50000,150000,0,6,'2012-01-12 12:04:11'),
 (46,'7',43,1,35000,500000,0,6,'2011-12-03 10:17:06'),
 (47,'12032061',51,0,60000,150000,0,4,'2011-11-15 11:41:00'),
 (47,'12032062',51,0,60000,210000,0,4,'2011-11-15 11:41:07'),
 (47,'12132056',52,1,60000,150000,0,4,'2011-11-15 11:46:19'),
 (47,'5',25,1,100000,100000,0,6,'2019-01-07 17:23:07'),
 (47,'5',28,1,15000,50000,0,6,'2018-02-15 13:02:23'),
 (47,'MZ-0070-001',51,1,60000,180000,0,4,'2011-11-15 11:45:44'),
 (47,'MZ-0070-002',51,1,500000,500000,0,6,'2019-02-06 15:55:43'),
 (47,'MZ-0070-002',52,1,60000,120000,0,4,'2011-11-15 11:46:02'),
 (47,'MZ-0070-003',52,1,60000,90000,0,4,'2011-11-15 11:46:45'),
 (47,'MZ-0070-004',51,1,60000,180000,0,4,'2011-11-15 11:46:59'),
 (47,'MZ-0070-005',51,1,60000,150000,0,4,'2011-11-15 11:44:31'),
 (47,'MZ-0070-006',51,1,60000,210000,0,4,'2011-11-15 11:44:47'),
 (47,'MZ-0070-007',51,1,60000,180000,0,4,'2011-11-15 11:47:15'),
 (47,'MZ-0070-008',51,1,60000,180000,0,4,'2011-11-15 11:47:39'),
 (47,'MZ-0070-009',53,1,30000,30000,0,4,'2011-11-15 11:45:19'),
 (47,'MZ-0070-010',53,1,30000,30000,0,4,'2011-11-15 11:47:26'),
 (48,'12080052',51,1,55000,110000,0,4,'2011-11-15 16:11:44'),
 (48,'12080053',51,1,55000,110000,0.21,6,'2012-02-07 16:45:46'),
 (48,'12080054',51,1,55000,110000,0,4,'2011-11-15 16:14:44'),
 (48,'12080055',51,1,45000,180000,0.4,6,'2012-02-07 16:46:38'),
 (49,'1',2,1,4000,5500,0,4,'2011-11-15 16:22:14'),
 (49,'1',64,1,5000,15000,0,6,'2011-12-03 09:58:53'),
 (50,'1',2,1,7000,14500,0,4,'2011-11-15 16:26:31'),
 (50,'1',64,1,5000,15000,0,6,'2011-12-03 09:55:19'),
 (51,'1',9,1,5000,30000,0,6,'2013-01-31 11:25:58'),
 (51,'1',15,1,15000,30000,0,4,'2011-11-15 16:47:07'),
 (51,'1',18,1,15000,30000,0,6,'2019-12-20 18:18:43'),
 (51,'10',20,1,18000,20000,0,4,'2011-11-15 16:59:59'),
 (51,'11',12,1,18000,30000,0,4,'2011-11-15 17:01:40'),
 (51,'12',74,1,6000,30000,0,6,'2013-01-26 09:00:55'),
 (51,'13',7,1,9000,15000,0,4,'2011-11-15 17:02:42'),
 (51,'13',8,1,15000,18000,0,4,'2011-11-15 17:02:19'),
 (51,'15',7,1,9000,12000,0,4,'2011-11-15 17:03:10'),
 (51,'15',8,1,9000,12000,0,4,'2011-11-15 17:03:27'),
 (51,'15',10,1,50000,50000,0,6,'2016-03-28 16:53:26'),
 (51,'2',15,1,15000,30000,0,4,'2011-11-15 16:47:37'),
 (51,'3',13,1,8000,10000,0,4,'2011-11-15 16:48:45'),
 (51,'3',14,1,7000,25000,0,4,'2011-11-15 16:48:19'),
 (51,'4',20,1,18000,30000,0,4,'2011-11-15 16:49:28'),
 (51,'5',13,1,4000,5000,0,4,'2011-11-15 16:57:19'),
 (51,'5',14,1,7000,30000,0,4,'2011-11-15 16:56:28'),
 (51,'6',12,1,18000,30000,0,4,'2011-11-15 16:58:19'),
 (51,'7',17,1,50000,50000,0,6,'2016-02-05 18:22:42'),
 (51,'7',62,1,8000,12000,0,4,'2011-11-15 16:59:21'),
 (52,'1',3,1,5000,10000,0,4,'2011-11-15 17:20:27'),
 (52,'1',59,0,15000,15000,0,6,'2019-09-10 08:15:41'),
 (52,'1',64,1,15000,50000,0,6,'2011-12-03 13:07:29'),
 (52,'1',87,0,50000,50000,0,6,'2019-09-10 08:15:30'),
 (52,'1',96,0,50000,50000,0,6,'2019-09-10 08:15:37'),
 (52,'12',3,1,10000,20000,0,6,'2019-09-10 10:35:59'),
 (52,'13',96,1,1000,20000,0,6,'2019-09-10 10:36:48'),
 (52,'14',3,1,10000,20000,0,6,'2019-09-10 10:41:37'),
 (52,'2',2,0,10000,40000,0,6,'2019-09-10 08:16:10'),
 (52,'2',3,1,10000,20000,0,6,'2019-09-10 08:16:36'),
 (52,'3',2,1,7000,20000,0,6,'2019-09-10 09:03:00'),
 (52,'4',100,1,5000,10000,0,6,'2019-09-10 09:26:32'),
 (52,'5',59,1,10000,20000,0,6,'2019-09-10 09:27:54'),
 (52,'6',2,1,10000,20000,0,6,'2019-09-10 10:12:17'),
 (52,'6',87,1,50000,200000,0,6,'2020-11-11 18:06:46'),
 (52,'7',3,1,5000,15000,0,6,'2019-09-10 10:17:19'),
 (52,'8',59,1,10000,20000,0,6,'2019-09-10 10:29:41'),
 (53,'02',12,1,15000,30000,0,6,'2013-12-09 09:55:26'),
 (53,'02',13,1,15000,30000,0,6,'2013-12-09 09:55:05'),
 (53,'1',12,1,50000,70000,0,6,'2015-01-07 19:44:36'),
 (53,'1',13,1,20000,75000,0,4,'2011-11-15 17:42:47'),
 (54,'1',13,0,15000,25000,0,6,'2020-11-13 17:44:46'),
 (54,'2 ',13,0,15000,25000,0,6,'2020-11-13 17:44:41'),
 (54,'3',13,0,15000,25000,0,6,'2020-11-13 17:44:34'),
 (54,'4',13,0,15000,25000,0,6,'2020-11-13 17:44:26'),
 (54,'5',13,0,15000,25000,0,6,'2020-11-13 17:44:18'),
 (54,'6',12,0,15000,30000,0,6,'2020-11-13 17:44:02'),
 (55,'1',12,1,10000,12500,0,4,'2011-11-16 10:16:52'),
 (56,'1',7,1,10000,12500,0,4,'2011-11-16 10:39:02'),
 (56,'1',8,1,10000,12500,0,4,'2011-11-16 10:39:39'),
 (56,'2',7,1,10000,12500,0,4,'2011-11-16 10:50:10'),
 (56,'2',8,1,10000,12500,0,4,'2011-11-16 10:51:48'),
 (56,'3',7,1,10000,12500,0,4,'2011-11-16 10:53:39'),
 (56,'3',8,1,10000,12500,0,4,'2011-11-16 10:54:45'),
 (57,'1',40,1,50000,120000,0,4,'2011-11-16 10:56:41'),
 (57,'1',70,1,65000,120000,0,6,'2012-12-01 10:07:27'),
 (58,'1',6,1,10000,12000,0,4,'2011-11-16 11:08:36'),
 (59,'0',3,0,1000,1000,0,6,'2020-11-09 08:17:13'),
 (59,'00000000010',3,0,100000,1500000,1,6,'2020-11-09 08:16:51'),
 (59,'00000000010',107,0,500000,600000,0,6,'2020-11-09 08:16:40'),
 (59,'00000000010',108,0,500000,600000,0,6,'2020-11-09 08:16:43'),
 (59,'1',3,1,15000,30000,0,6,'2019-11-04 10:49:15'),
 (59,'1',6,1,30000,50000,0,6,'2020-01-18 13:14:55'),
 (59,'1',59,0,10000,30000,0,6,'2020-11-02 12:05:26'),
 (59,'1',63,1,10000,30000,0,6,'2019-11-06 17:28:27'),
 (59,'1',64,1,50000,100000,0,6,'2021-11-30 17:14:11'),
 (59,'1',87,1,15000,30000,0,6,'2019-11-07 19:14:37'),
 (59,'1',101,0,15000,30000,0,6,'2020-11-02 12:04:59'),
 (59,'1',104,0,10000,50000,0,6,'2020-01-20 18:23:38'),
 (59,'1',105,1,10000,30000,0,6,'2020-01-20 18:26:04'),
 (59,'1',116,1,100000,100000,0,6,'2021-01-21 16:11:50'),
 (59,'10',107,0,50000,200000,0,6,'2021-11-08 19:14:20'),
 (59,'10',108,0,50000,200000,0,6,'2021-11-08 19:14:37'),
 (59,'10',109,0,50000,50000,0,6,'2021-11-08 19:14:25'),
 (59,'10',110,0,500000,1000000,0,6,'2021-11-08 19:14:34'),
 (59,'10',111,0,50000,50000,0,6,'2021-11-08 19:14:22'),
 (59,'10',112,0,10000,10000,0,6,'2021-11-08 19:14:39'),
 (59,'10',113,0,50000,200000,0,6,'2021-11-08 19:14:32'),
 (59,'10',114,0,10000,10000,0,6,'2021-11-08 19:14:27'),
 (59,'15',2,1,10000,30000,0,6,'2020-11-02 12:02:47'),
 (59,'15',59,1,15000,30000,0,6,'2019-11-06 17:32:33'),
 (59,'15',101,1,20000,30000,0,6,'2019-11-07 16:16:57'),
 (59,'2',3,0,15000,30000,0,6,'2020-11-02 12:05:46'),
 (59,'2',59,1,50000,20000,0,6,'2020-11-18 19:58:21'),
 (59,'2',87,1,15000,30000,0,6,'2019-11-06 17:30:44'),
 (59,'3',3,0,15000,30000,0,6,'2020-11-02 12:05:55'),
 (59,'3',63,1,15000,30000,0,6,'2019-11-06 17:31:52'),
 (59,'3',101,0,15000,15000,0,6,'2020-11-02 12:05:58'),
 (59,'4',3,0,15000,30000,0,6,'2020-11-02 12:06:17'),
 (59,'4',28,0,50000,70000,0,6,'2019-11-04 09:34:55'),
 (59,'5',2,1,15000,30000,0,6,'2020-11-16 11:08:41'),
 (59,'5',3,1,15000,30000,0,11,'2020-11-09 10:14:13'),
 (59,'5',5,0,15000,30000,0,6,'2020-11-02 12:06:41'),
 (59,'5',26,0,55000,70000,0,6,'2019-11-04 09:35:02'),
 (59,'5',59,1,5000,200000,0,11,'2020-11-09 10:14:53'),
 (59,'5',63,1,15000,30000,0,6,'2020-12-09 17:47:38'),
 (59,'5',78,0,15000,30000,0,6,'2020-11-02 12:06:38'),
 (59,'5',87,1,15000,30000,0,11,'2020-11-09 10:15:22'),
 (59,'5',96,1,5000,500000,0,6,'2020-11-12 08:37:26'),
 (59,'5-FRAGAPANE.',3,0,500000,600000,0,11,'2020-11-09 10:10:33'),
 (59,'5-FRAGAPANE.',59,0,500000,600000,0,11,'2020-11-09 10:10:27'),
 (59,'5-FRAGAPANE.',96,0,500000,600000,0,11,'2020-11-09 10:10:30'),
 (59,'6',43,0,45000,70000,0,6,'2019-11-04 09:35:54'),
 (59,'6',78,0,15000,30000,0,6,'2020-11-02 12:06:48'),
 (59,'7',9,0,10000,15000,0,6,'2019-11-04 09:36:05'),
 (59,'7',12,0,15000,35000,0,6,'2019-11-04 09:36:02'),
 (59,'7',63,0,15000,30000,0,6,'2020-11-02 12:06:53'),
 (60,'1',2,1,15000,30000,0,4,'2011-11-16 11:40:47'),
 (60,'1',64,1,15000,50000,0,6,'2011-12-03 09:51:51'),
 (60,'2',2,1,15000,30000,0,4,'2011-11-16 11:41:03'),
 (61,'02',3,1,15000,15000,0,6,'2019-11-13 15:54:03'),
 (61,'02',87,1,15000,15000,0,6,'2015-11-26 19:36:24'),
 (61,'02',96,1,15000,15000,0,6,'2017-11-10 15:48:20'),
 (61,'1',2,1,15000,15000,0,6,'2013-11-06 10:22:35'),
 (61,'1',3,1,15000,15000,0,6,'2013-11-18 08:38:33'),
 (61,'1',63,1,50000,10000,0,6,'2021-11-17 18:29:58'),
 (61,'3',3,1,12000,30000,0,4,'2011-11-16 18:29:22'),
 (61,'3',64,1,5000,15000,0,6,'2011-12-03 09:52:20'),
 (61,'4',96,1,50000,50000,0,6,'2018-11-02 18:41:49'),
 (62,'1',2,1,12000,35000,0,4,'2011-11-16 18:31:01'),
 (63,'1',12,1,20000,35000,0,4,'2011-11-16 18:05:38'),
 (63,'1',13,1,20000,35000,0,4,'2011-11-16 18:05:54'),
 (63,'1',15,1,20000,35000,0,4,'2011-11-16 18:05:25'),
 (63,'2',9,1,50000,150000,0,6,'2012-01-12 12:24:51'),
 (63,'2',18,1,25000,35000,0,4,'2011-11-16 18:06:32'),
 (64,'1',7,1,25000,35000,0,4,'2011-11-16 18:08:36'),
 (64,'1',8,1,25000,35000,0,4,'2011-11-16 18:08:54'),
 (64,'1',13,1,25000,35000,0,4,'2011-11-16 18:09:15'),
 (64,'1',15,1,25000,35000,0,4,'2011-11-16 18:08:11'),
 (64,'2',9,1,25000,35000,0,4,'2011-11-16 18:09:39'),
 (64,'2',61,1,5000,50000,0,6,'2011-12-09 12:11:41'),
 (64,'3',12,1,50000,50000,0,6,'2014-11-27 11:07:07'),
 (64,'3',13,1,50000,50000,0,6,'2014-11-27 11:07:24'),
 (65,'1',7,1,20000,30000,0,4,'2011-11-16 17:59:37'),
 (65,'1',8,1,20000,35000,0,4,'2011-11-16 18:02:25'),
 (65,'1',12,1,25000,35000,0,4,'2011-11-16 18:02:37'),
 (65,'1',13,1,5000,50000,0,6,'2011-12-09 10:20:37'),
 (65,'1',15,1,20000,35000,0,4,'2011-11-16 18:01:30'),
 (65,'1',17,1,20000,35000,0,4,'2011-11-16 18:00:09'),
 (65,'1',18,1,20000,35000,0,6,'2012-01-09 15:17:33'),
 (66,'1',12,1,25000,35000,0,4,'2011-11-16 18:23:47'),
 (66,'1',13,1,25000,35000,0,6,'2011-12-19 19:41:26'),
 (67,'1',12,1,25000,35000,0,4,'2011-11-16 18:28:28'),
 (67,'1',13,1,20000,50000,0,6,'2014-12-05 18:57:55'),
 (68,'1',13,1,25000,35000,0,4,'2011-11-16 18:37:39'),
 (69,'1',2,0,5000,50000,0,6,'2017-11-25 11:05:36'),
 (69,'1',3,1,15000,15000,0,6,'2013-11-06 10:08:02'),
 (69,'1',59,1,10000,50000,0,6,'2015-12-10 11:26:32'),
 (69,'1',63,1,5000,50000,0,6,'2011-11-22 10:33:33'),
 (69,'1',64,1,15000,25000,0,6,'2011-12-03 09:51:19'),
 (69,'1',78,0,10000,10000,0,6,'2017-11-25 11:05:44'),
 (69,'1',79,0,10000,10000,0,6,'2017-11-25 11:05:47'),
 (69,'1',96,1,50000,50000,0,6,'2018-11-05 10:28:52'),
 (69,'2',2,1,15000,15000,0,6,'2013-11-29 09:34:24'),
 (69,'2',3,1,50000,50000,0,6,'2014-11-06 12:32:17'),
 (69,'2',59,0,50000,50000,0,6,'2017-11-25 11:06:17'),
 (69,'2',63,1,50000,50000,0,6,'2014-11-10 18:04:59'),
 (69,'2',64,1,15000,15000,0,6,'2013-11-29 09:34:44'),
 (69,'2',78,1,15000,15000,0,6,'2017-11-25 11:09:44'),
 (69,'2',79,1,15000,15000,0,6,'2017-11-25 11:06:36'),
 (69,'2',87,1,50000,50000,0,6,'2018-11-15 09:50:18'),
 (69,'3',2,1,15000,50000,0,6,'2015-12-16 17:13:27'),
 (70,'1',2,1,15000,50000,0,6,'2011-12-03 09:56:51'),
 (70,'1',64,1,5000,15000,0,6,'2011-12-03 09:57:21'),
 (70,'1',80,1,15000,15000,0,6,'2013-12-09 18:00:43'),
 (71,'1',2,1,15000,50000,0,6,'2011-12-03 09:50:44'),
 (71,'1',64,1,5000,15000,0,6,'2011-12-03 09:58:08'),
 (72,'1',2,1,15000,50000,0,6,'2011-12-03 09:54:40'),
 (72,'1',64,1,5000,15000,0,6,'2011-12-03 09:54:59'),
 (73,'1',2,1,15000,50000,0,6,'2011-12-03 13:04:11'),
 (73,'1',64,1,5000,15000,0,6,'2011-12-03 13:03:45'),
 (74,'12140164',51,1,40000,54000,0,6,'2013-01-29 16:45:53'),
 (74,'12140166',51,1,18000,20000,0,6,'2013-01-29 16:47:14'),
 (75,'12140168',51,1,48000,64000,0,6,'2013-01-29 16:48:14'),
 (75,'12140169',51,1,42000,56000,0.33,6,'2013-01-29 16:51:34'),
 (76,'MZ-0131-001',51,0,60000,139200,0.2,6,'2013-11-06 10:29:12'),
 (76,'MZ-0131-001',52,0,60000,19200,0,6,'2013-11-06 10:29:08'),
 (76,'MZ-0131-002',51,0,60000,150000,0,6,'2013-11-06 10:29:18'),
 (76,'MZ-0131-002',52,0,60000,20400,0,6,'2013-11-06 10:29:15'),
 (76,'MZ-0131-003',51,0,60000,120000,0,6,'2013-11-06 10:29:23'),
 (77,'01',7,1,5000,50000,0,6,'2012-01-17 10:39:22'),
 (77,'01',8,1,5000,50000,0,6,'2012-01-17 10:40:16'),
 (77,'01',12,1,5000,50000,0,6,'2012-01-17 10:38:40'),
 (78,'MZ-0001-001',51,1,48000,60000,0,6,'2012-01-18 15:36:59'),
 (78,'MZ-0001-001',52,1,38000,93480,0,6,'2012-02-14 15:28:22'),
 (78,'MZ-0001-001',54,1,15000,18150,0,6,'2012-01-18 15:37:36'),
 (78,'MZ-0001-002',51,1,48000,51500,0,6,'2012-01-18 15:38:27'),
 (78,'MZ-0001-002',52,1,38000,81320,0,6,'2012-02-14 15:29:30'),
 (78,'MZ-0001-002',54,1,15000,16100,0,6,'2012-01-18 15:39:06'),
 (78,'MZ-0001-003',51,1,48000,46100,0,6,'2012-01-18 15:41:39'),
 (78,'MZ-0001-003',52,1,38000,87400,0,6,'2012-02-14 15:30:42'),
 (78,'MZ-0001-003',54,1,15000,8700,0,6,'2012-01-18 15:43:02'),
 (78,'MZ-0001-004',51,1,48000,48500,0,6,'2012-01-18 15:44:15'),
 (78,'MZ-0001-004',52,1,38000,94000,0,6,'2013-03-07 17:32:08'),
 (78,'MZ-0001-004',54,1,15000,8000,0,6,'2012-01-18 15:45:32'),
 (79,'12132248',51,1,40000,268000,1,6,'2017-01-24 14:46:24'),
 (79,'12132248',52,1,40000,268000,0,6,'2013-02-19 08:55:32'),
 (79,'12133190',51,1,40000,268000,0,6,'2012-02-07 16:44:54'),
 (79,'12133190',52,1,40000,268000,0,6,'2013-02-19 08:55:55'),
 (79,'12133501',51,1,30000,250000,0,6,'2015-01-30 15:37:00'),
 (79,'12133502',51,1,50000,200000,0,6,'2015-01-16 07:23:09'),
 (79,'12133503',51,1,30000,200000,0,6,'2015-01-13 08:24:09'),
 (80,'1',2,1,6000,12000,0,6,'2019-11-22 08:37:41'),
 (80,'1',6,1,5000,50000,0,6,'2012-02-07 17:07:45'),
 (80,'2',6,1,2000,5000,0,6,'2013-02-04 20:07:39'),
 (80,'3',6,1,2000,5000,0,6,'2020-01-28 19:51:56'),
 (81,'1',6,1,50000,60000,0,6,'2014-01-27 19:05:03'),
 (81,'1',8,0,40000,200000,0,6,'2013-11-06 10:30:02'),
 (81,'1',12,1,30000,30000,0,6,'2013-11-06 10:30:22'),
 (81,'1',13,1,15000,30000,0,6,'2012-12-11 18:04:49'),
 (81,'2',6,1,15000,45000,0,6,'2014-02-05 06:43:36'),
 (81,'3',6,1,15000,50000,0,6,'2014-02-05 19:36:33'),
 (82,'1',73,1,40000,20000,0,6,'2013-01-22 17:18:12'),
 (82,'2',42,1,30000,90000,0,6,'2013-01-22 17:18:39'),
 (83,'1',12,1,8000,15000,0,6,'2013-12-24 09:26:18'),
 (83,'4',45,0,60000,60000,0,6,'2013-12-24 09:25:48'),
 (83,'6',28,1,65000,65000,0,6,'2013-11-06 10:05:10'),
 (83,'6',67,1,15000,15000,0,6,'2014-01-25 07:55:05'),
 (83,'6',82,1,15000,15000,0,6,'2014-01-25 07:50:38'),
 (83,'6',84,1,15000,45000,0,6,'2014-02-05 07:03:19'),
 (83,'7',43,1,65000,65000,0,6,'2013-11-06 10:06:04'),
 (83,'8',30,0,65000,65000,0,6,'2013-12-24 09:25:26'),
 (84,'1',7,1,45000,45000,0,6,'2013-11-06 10:33:15'),
 (84,'1',8,1,45000,45000,0,6,'2013-11-06 10:32:57'),
 (84,'1',61,1,30000,50000,0,6,'2014-11-27 15:48:37'),
 (84,'6',6,1,15000,15000,0,6,'2013-11-06 10:34:08'),
 (84,'6',61,1,30000,30000,0,6,'2013-11-06 10:34:36'),
 (84,'7',6,1,15000,44500,0,6,'2014-02-03 18:45:25'),
 (84,'MZ-0131-001',51,1,60000,6000,0,6,'2014-01-23 16:57:32'),
 (84,'MZ-0131-001',52,1,40000,280000,0.6,6,'2014-02-21 15:32:20'),
 (84,'MZ-0131-002',51,1,60000,60000,0,6,'2014-01-23 16:58:10'),
 (84,'MZ-0131-002',52,1,40000,200000,0.6,6,'2014-03-13 16:30:34'),
 (84,'MZ-0131-003',51,1,60000,170000,0.2,6,'2014-01-23 16:58:34'),
 (85,'1',12,1,35000,35000,0,6,'2013-11-06 10:54:49'),
 (85,'1',13,1,35000,35000,0,6,'2013-11-06 10:55:02'),
 (86,'01',21,1,15000,15000,0,6,'2013-12-05 08:56:24'),
 (86,'01',22,1,50000,50000,0,6,'2014-11-25 15:46:47'),
 (86,'01',58,1,30000,45000,0,6,'2013-12-05 08:56:47'),
 (87,'1',6,1,50000,50000,0,6,'2014-02-04 08:27:37'),
 (88,'01',2,1,25000,25000,0,6,'2014-11-11 07:50:49'),
 (88,'01',3,1,50000,50000,0,6,'2014-11-03 17:32:13'),
 (88,'01',4,1,15000,20000,0,6,'2014-10-27 16:58:16'),
 (89,'01',25,1,60000,120000,0,6,'2014-12-16 08:56:23'),
 (89,'01',40,1,50000,75000,0,6,'2015-12-09 18:28:22'),
 (89,'01',43,1,50000,100000,0,6,'2015-12-21 10:33:58'),
 (89,'01',85,1,15000,15000,0,6,'2015-11-19 18:02:17'),
 (89,'01',86,1,15000,15000,0,6,'2015-11-19 18:02:39'),
 (89,'01',88,1,30000,30000,0,6,'2017-11-14 11:20:33'),
 (89,'02',6,1,50000,50000,0,6,'2016-02-03 16:22:20'),
 (90,'1',2,1,15000,30000,0,6,'2019-11-18 17:29:38'),
 (90,'1',26,1,50000,100000,0,6,'2015-01-12 08:31:20'),
 (90,'1',43,1,15000,45000,0,6,'2019-12-19 19:20:52'),
 (90,'1',63,1,15000,15000,0,6,'2019-11-27 15:45:38'),
 (90,'1',87,1,50000,50000,0,6,'2021-11-22 18:03:41'),
 (90,'1',102,1,15000,30000,0,6,'2019-11-28 17:38:49'),
 (90,'1',103,1,15000,50000,0,6,'2019-12-10 12:28:41'),
 (92,'1',2,1,50000,50000,0,6,'2016-11-11 15:25:06'),
 (92,'1',3,1,20000,50000,0,6,'2016-11-11 15:24:45'),
 (92,'1',5,1,10000,10000,0,6,'2017-11-25 11:30:19'),
 (92,'1',59,1,50000,50000,0,6,'2021-11-15 19:06:37'),
 (92,'1',63,1,10000,10000,0,6,'2017-11-25 11:30:07'),
 (92,'1',64,1,50000,50000,0,6,'2016-11-11 16:21:38'),
 (93,'1',2,1,50000,100000,0,6,'2020-12-02 09:32:12'),
 (94,'1',2,1,50000,50000,0,6,'2016-11-25 06:08:50'),
 (95,'1',6,1,25000,50000,0,6,'2017-01-17 19:12:00'),
 (96,'1',3,1,30000,30000,0,21,'2017-11-14 16:45:38'),
 (96,'1',59,1,10000,10000,0,21,'2017-11-16 08:10:42'),
 (97,'1',2,1,10000,15000,0,6,'2017-12-14 10:45:21'),
 (97,'1',63,1,15000,15000,0,6,'2017-12-14 20:05:21'),
 (98,'01',27,1,45000,100000,0,6,'2019-01-21 14:59:25'),
 (99,'MZ-0063-001',51,1,8000,30000,0,6,'2020-01-20 18:03:07'),
 (99,'MZ-0063-002',51,1,50000,100000,0,6,'2020-01-20 18:03:34'),
 (99,'MZ-0063-003',52,1,70000,300000,0,6,'2020-01-20 18:04:08'),
 (100,'01',2,1,20000,50000,0,11,'2020-12-01 21:09:25'),
 (100,'01',3,1,30000,200000,0,6,'2020-11-13 17:57:05'),
 (100,'01',5,1,50000,60000,0,6,'2020-12-04 17:27:43'),
 (100,'01',63,1,10000,10000,0,11,'2020-11-22 10:27:01'),
 (100,'01',87,1,10000,10000,0,11,'2020-11-24 18:21:16'),
 (101,'1',2,1,20000,100000,0,6,'2020-11-26 19:46:18'),
 (102,'01',56,1,50000,70000,0,6,'2021-02-02 11:20:06'),
 (103,'1',28,1,50000,200000,0,6,'2021-02-15 11:00:31'),
 (104,'01',93,1,100000,250000,0,6,'2022-03-19 09:13:55'),
 (104,'01',106,1,50000,100000,0,6,'2022-03-16 10:14:18'),
 (104,'01',120,1,50000,200000,0,6,'2021-03-15 17:17:40'),
 (104,'01',121,1,100000,250000,0,6,'2022-03-09 18:17:36'),
 (105,'01',56,1,10000,60000,0,6,'2021-06-16 12:18:00'),
 (106,'01',2,1,50000,100000,0,6,'2021-11-22 11:08:06'),
 (106,'01',5,1,50000,50000,0,6,'2021-12-10 19:53:20'),
 (106,'01',59,1,50000,100000,0,6,'2021-11-22 11:08:19'),
 (106,'01',63,1,50000,100000,0,6,'2021-12-01 18:36:22'),
 (106,'01',64,1,50000,50000,0,6,'2021-11-22 17:00:51'),
 (107,'01',5,1,50000,50000,0,6,'2021-12-10 19:52:55'),
 (107,'01',59,1,50000,100000,0,6,'2021-11-22 11:09:06'),
 (107,'01',63,1,50000,200000,0,6,'2021-12-02 18:29:45'),
 (107,'01',64,1,20000,20000,0,6,'2021-11-23 17:53:04'),
 (108,'01',2,1,50000,50000,0,6,'2021-11-04 10:09:25'),
 (108,'01',3,1,50000,100000,0,6,'2021-11-04 10:10:28'),
 (108,'01',59,1,50000,100000,0,6,'2021-11-04 10:11:34'),
 (108,'01',63,1,50000,100000,0,6,'2021-11-15 16:00:52'),
 (108,'01',87,1,50000,100000,0,6,'2021-11-04 10:10:59'),
 (108,'01',96,1,50000,100000,0,6,'2021-11-04 10:11:18'),
 (109,'01',2,1,50000,100000,0,6,'2021-11-30 17:16:09'),
 (109,'01',59,1,50000,100000,0,6,'2021-11-30 17:12:05'),
 (109,'01',63,1,50000,100000,0,6,'2021-11-30 17:26:28'),
 (109,'01',106,1,150000,150000,0,6,'2022-03-03 16:17:12'),
 (109,'02',2,1,50000,100000,0,6,'2021-12-06 17:45:30'),
 (110,'01',2,1,50000,100000,0,6,'2021-12-01 10:07:03'),
 (110,'01',64,1,20000,20000,0,6,'2021-12-01 10:07:20'),
 (110,'01',80,1,50000,200000,0,6,'2021-12-01 10:08:04'),
 (110,'Parcela 1',2,0,50000,50000,0,6,'2021-12-01 10:06:29'),
 (110,'Parcela 1',64,0,5000,100000,0,6,'2021-12-01 10:06:26'),
 (110,'Parcela 1',80,0,5000,15000,0,6,'2021-12-01 10:06:22'),
 (111,'01',2,1,50000,200000,0,17,'2021-12-11 08:54:35'),
 (111,'01',64,1,50000,50000,0,6,'2021-12-13 08:54:58'),
 (112,'01',6,1,50000,200000,0,6,'2022-01-12 10:25:56'),
 (112,'01',7,1,50000,200000,0,6,'2021-12-15 09:10:06'),
 (112,'01',8,1,50000,200000,0,6,'2021-12-15 09:09:49'),
 (112,'01',18,1,5000,50000,0,6,'2021-12-15 08:24:25'),
 (113,'01',56,1,50000,500000,0,6,'2022-02-16 11:40:19'),
 (114,'01',56,1,50000,100000,0,6,'2022-03-16 17:13:23');
/*!40000 ALTER TABLE `parcelavariedad` ENABLE KEYS */;


--
-- Definition of table `variedades`
--

DROP TABLE IF EXISTS `variedades`;
CREATE TABLE `variedades` (
  `vrdID` int(10) unsigned NOT NULL AUTO_INCREMENT,
  `vrdActiva` int(10) unsigned DEFAULT '1',
  `vrdEspecie` int(10) unsigned NOT NULL,
  `vrdVariedad` varchar(30) COLLATE latin1_spanish_ci NOT NULL,
  `vrdDesde` datetime DEFAULT NULL,
  `vrdHasta` datetime DEFAULT NULL,
  `vrdChgBy` int(10) unsigned DEFAULT NULL,
  `vrdFechaUM` datetime DEFAULT NULL,
  PRIMARY KEY (`vrdID`),
  KEY `FK_variedades_1` (`vrdEspecie`),
  CONSTRAINT `FK_variedades_1` FOREIGN KEY (`vrdEspecie`) REFERENCES `especies` (`espID`)
) ENGINE=InnoDB AUTO_INCREMENT=122 DEFAULT CHARSET=latin1 COLLATE=latin1_spanish_ci ROW_FORMAT=DYNAMIC;

--
-- Dumping data for table `variedades`
--

/*!40000 ALTER TABLE `variedades` DISABLE KEYS */;
INSERT INTO `variedades` (`vrdID`,`vrdActiva`,`vrdEspecie`,`vrdVariedad`,`vrdDesde`,`vrdHasta`,`vrdChgBy`,`vrdFechaUM`) VALUES 
 (1,1,1,'María Bianca','2011-12-15 00:00:00','2012-01-20 00:00:00',1,'2011-11-11 12:08:09'),
 (2,1,4,'Bing','2011-11-08 00:00:00','2011-12-30 00:00:00',1,'2011-11-11 16:45:18'),
 (3,1,4,'Brooks','2011-11-08 00:00:00','2011-12-30 00:00:00',1,'2011-11-11 16:45:36'),
 (4,1,4,'Early Burlat','2011-11-08 00:00:00','2011-12-30 00:00:00',1,'2011-11-11 16:45:46'),
 (5,1,4,'Sweet Heart','2011-11-08 00:00:00','2011-12-30 00:00:00',1,'2011-11-11 16:45:59'),
 (6,1,6,'D`Agen','2011-11-01 00:00:00','2012-04-30 00:00:00',1,'2011-11-11 16:52:18'),
 (7,1,6,'Angeleno','2011-11-01 00:00:00','2012-04-30 00:00:00',1,'2011-11-11 16:52:08'),
 (8,1,6,'Larry Ann','2011-11-01 00:00:00','2012-04-30 00:00:00',1,'2011-11-11 16:52:31'),
 (9,1,6,'Friar','2011-11-01 00:00:00','2012-04-30 00:00:00',1,'2011-11-11 16:52:48'),
 (10,1,6,'Autumn Giant','2011-11-01 00:00:00','2012-04-30 00:00:00',1,'2011-11-11 16:53:03'),
 (11,1,6,'Royal Zee','2011-11-01 00:00:00','2012-04-30 00:00:00',1,'2011-11-11 16:53:11'),
 (12,1,6,'Linda Rosa','2011-11-01 00:00:00','2012-04-30 00:00:00',1,'2011-11-11 16:53:19'),
 (13,1,6,'Santa Rosa','2011-11-01 00:00:00','2012-04-30 00:00:00',1,'2011-11-11 16:53:26'),
 (14,1,6,'Red Beauty','2011-11-01 00:00:00','2012-04-30 00:00:00',1,'2011-11-11 16:53:39'),
 (15,1,6,'Fortuna','2011-11-01 00:00:00','2012-04-30 00:00:00',1,'2011-11-11 16:54:43'),
 (16,1,6,'Howard Sun','2011-11-01 00:00:00','2012-04-30 00:00:00',1,'2011-11-11 16:54:52'),
 (17,1,6,'Flavor Rich','2011-11-01 00:00:00','2012-04-30 00:00:00',1,'2011-11-11 16:55:03'),
 (18,1,6,'Black Amber','2011-11-01 00:00:00','2012-04-30 00:00:00',1,'2011-11-11 16:55:09'),
 (19,1,6,'Autumn Pride','2011-11-01 00:00:00','2012-04-30 00:00:00',1,'2011-11-11 16:55:32'),
 (20,1,6,'Laroda','2011-11-01 00:00:00','2012-04-30 00:00:00',1,'2011-11-11 16:55:39'),
 (21,1,8,'Castelbrite','2011-11-11 00:00:00','2012-04-30 00:00:00',1,'2011-11-11 16:56:22'),
 (22,1,8,'Modesto','2011-11-01 00:00:00','2012-04-30 00:00:00',1,'2011-11-11 16:56:31'),
 (23,1,2,'Flavor Crest','2011-11-01 00:00:00','2012-04-30 00:00:00',1,'2011-11-11 16:59:03'),
 (24,1,2,'Rich Lady','2011-11-01 00:00:00','2012-04-30 00:00:00',1,'2011-11-11 16:59:11'),
 (25,1,2,'Maria Bianca','2011-11-01 00:00:00','2012-04-30 00:00:00',1,'2011-11-11 16:59:20'),
 (26,1,2,'Elegant Lady','2011-11-01 00:00:00','2012-04-30 00:00:00',1,'2011-11-11 16:59:27'),
 (27,1,2,'Zee Lady','2011-11-01 00:00:00','2012-04-30 00:00:00',1,'2011-11-11 16:59:35'),
 (28,1,2,'O`Henry','2011-11-01 00:00:00','2012-04-30 00:00:00',1,'2011-11-11 16:59:43'),
 (29,1,2,'Snow Giant','2011-11-01 00:00:00','2012-04-30 00:00:00',1,'2011-11-11 16:59:51'),
 (30,1,2,'Summerset','2011-11-01 00:00:00','2012-04-30 00:00:00',1,'2011-11-11 17:00:48'),
 (31,1,2,'September Snow','2011-11-01 00:00:00','2012-04-30 00:00:00',1,'2011-11-11 17:00:55'),
 (32,1,2,'Sweet September','2011-11-01 00:00:00','2012-04-30 00:00:00',1,'2011-11-11 17:01:03'),
 (33,1,2,'Fairtime','2011-11-01 00:00:00','2012-04-30 00:00:00',1,'2011-11-11 17:01:09'),
 (34,1,7,'Red Delicious','2011-11-01 00:00:00','2012-04-30 00:00:00',1,'2011-11-11 17:02:46'),
 (35,1,7,'Royal Gala','2011-11-01 00:00:00','2012-04-30 00:00:00',1,'2011-11-11 17:02:54'),
 (36,1,7,'Red Chief','2011-11-01 00:00:00','2012-04-30 00:00:00',1,'2011-11-11 17:03:02'),
 (37,1,7,'Granny Smith','2011-11-01 00:00:00','2012-04-30 00:00:00',1,'2011-11-11 17:03:11'),
 (38,1,7,'Golden Delicious','2011-11-01 00:00:00','2012-04-30 00:00:00',1,'2011-11-11 17:03:19'),
 (39,1,3,'Amarillo 138','2011-11-01 00:00:00','2012-04-30 00:00:00',1,'2011-11-11 17:03:49'),
 (40,1,3,'Aniversario Inta','2011-11-01 00:00:00','2012-04-30 00:00:00',1,'2011-11-11 17:05:25'),
 (41,1,3,'Artic Snow','2011-11-01 00:00:00','2012-04-30 00:00:00',1,'2011-11-11 17:05:32'),
 (42,1,3,'August Red','2011-11-01 00:00:00','2012-04-30 00:00:00',1,'2011-11-11 17:05:40'),
 (43,1,3,'Caldessi 2000','2011-11-01 00:00:00','2012-04-30 00:00:00',1,'2011-11-11 17:05:53'),
 (44,1,3,'Caldessi 2010','2011-11-01 00:00:00','2012-04-30 00:00:00',1,'2011-11-11 17:05:58'),
 (45,1,3,'Fairline','2011-11-01 00:00:00','2012-04-30 00:00:00',1,'2011-11-11 17:06:06'),
 (46,1,3,'Red Diamond','2011-11-01 00:00:00','2012-04-30 00:00:00',1,'2011-11-11 17:06:17'),
 (47,1,3,'Red Gin','2011-11-01 00:00:00','2012-04-30 00:00:00',1,'2011-11-11 17:06:29'),
 (48,0,3,'Royal Gio','2011-11-01 00:00:00','2012-04-30 00:00:00',4,'2011-11-14 16:24:04'),
 (49,1,3,'Andes Lape','2011-11-01 00:00:00','2012-04-30 00:00:00',1,'2011-11-11 17:07:15'),
 (50,1,3,'Venus','2011-11-01 00:00:00','2012-04-30 00:00:00',1,'2011-11-11 17:07:21'),
 (51,1,5,'William`s','2011-11-01 00:00:00','2012-04-30 00:00:00',1,'2011-11-11 17:07:35'),
 (52,1,5,'Packham`s Triumph','2011-11-01 00:00:00','2012-04-30 00:00:00',1,'2011-11-11 17:08:05'),
 (53,1,5,'Red Sensation','2011-11-01 00:00:00','2012-04-30 00:00:00',1,'2011-11-11 17:08:12'),
 (54,1,5,'Red Bartlett','2011-11-01 00:00:00','2012-04-30 00:00:00',1,'2011-11-11 17:08:22'),
 (55,1,5,'Favorita de Clapp','2011-11-01 00:00:00','2012-04-30 00:00:00',1,'2011-11-11 17:08:31'),
 (56,1,9,'Red Globe','2011-11-01 00:00:00','2012-04-30 00:00:00',1,'2011-11-11 17:09:10'),
 (57,1,9,'Superior','2011-11-01 00:00:00','2012-04-30 00:00:00',1,'2011-11-11 17:09:15'),
 (58,1,3,'Royal Glo','2011-10-01 00:00:00','2012-04-30 00:00:00',4,'2011-11-14 16:26:31'),
 (59,1,4,'Santina','2011-11-01 00:00:00','2012-04-30 00:00:00',4,'2011-11-15 09:45:00'),
 (60,1,4,'Sonata','2011-11-01 00:00:00','2012-04-30 00:00:00',4,'2011-11-15 09:45:05'),
 (61,1,6,'Black Beauty','2011-11-01 00:00:00','2012-04-30 00:00:00',4,'2011-11-15 11:38:53'),
 (62,1,6,'Roy Sun','2011-11-01 00:00:00','2012-04-30 00:00:00',4,'2011-11-15 16:38:24'),
 (63,1,4,'Lapins','2011-11-01 00:00:00','2012-04-30 00:00:00',6,'2011-11-22 10:35:52'),
 (64,1,4,'INDUSTRIA','2011-11-01 00:00:00','2012-04-30 00:00:00',6,'2011-12-03 09:46:07'),
 (65,1,6,'INDUSTRIA','2011-11-01 00:00:00','2012-04-30 00:00:00',6,'2011-12-03 09:46:22'),
 (66,1,8,'INDUSTRIA','2011-11-01 00:00:00','2012-04-30 00:00:00',6,'2011-12-03 09:46:40'),
 (67,1,2,'INDUSTRIA','2011-11-01 00:00:00','2012-04-30 00:00:00',6,'2011-12-03 09:46:54'),
 (68,1,7,'INDUSTRIA','2011-11-01 00:00:00','2012-04-30 00:00:00',6,'2011-12-03 09:47:26'),
 (69,1,3,'INDUSTRIA','2011-11-01 00:00:00','2012-04-30 00:00:00',6,'2011-12-03 09:47:45'),
 (70,1,3,'Red June','2011-11-01 00:00:00','2012-04-30 00:00:00',6,'2011-12-03 09:47:57'),
 (71,0,3,'ANIVERSARIO INTA','2011-10-01 00:00:00','2012-04-30 00:00:00',6,'2011-12-19 16:09:39'),
 (72,0,3,'CALDESSI 2000','2011-10-01 00:00:00','2012-04-30 00:00:00',6,'2011-12-19 16:09:46'),
 (73,1,3,'Fantasia','2013-01-18 00:00:00','2013-02-28 00:00:00',6,'2013-01-22 17:22:01'),
 (74,1,6,'Nubiana','2012-11-01 00:00:00','2013-04-30 00:00:00',6,'2013-01-26 09:04:51'),
 (75,1,11,'Red Delicious','2012-11-01 00:00:00','2013-04-30 00:00:00',6,'2013-03-04 15:50:33'),
 (76,1,11,'EN BINES','2012-11-01 00:00:00','2013-04-30 00:00:00',6,'2013-03-18 17:27:58'),
 (77,1,11,'INDUSTRIA','2012-11-01 00:00:00','2013-04-30 00:00:00',6,'2013-03-18 17:28:10'),
 (78,1,4,'Stella','2013-11-15 00:00:00','2013-12-15 00:00:00',6,'2013-11-06 10:20:53'),
 (79,1,4,'Van','2013-11-15 00:00:00','2013-12-15 00:00:00',6,'2013-11-06 10:21:04'),
 (80,1,4,'Rainier','2013-11-01 00:00:00','2014-04-30 00:00:00',6,'2013-12-09 18:11:27'),
 (81,1,2,'Andross','2013-11-01 00:00:00','2014-04-30 00:00:00',6,'2014-01-03 18:35:24'),
 (82,1,2,'Dr. Davis','2013-11-01 00:00:00','2014-04-30 00:00:00',6,'2014-01-03 18:35:33'),
 (83,1,2,'Pavia Catherina','2013-11-01 00:00:00','2014-04-30 00:00:00',6,'2014-01-03 19:20:37'),
 (84,1,2,'Fortuna','2013-11-01 00:00:00','2014-04-30 00:00:00',6,'2014-02-05 07:15:53'),
 (85,1,2,'Alexandra','2015-11-19 00:00:00','2015-12-09 00:00:00',6,'2015-11-19 18:08:20'),
 (86,1,2,'Blazzing Gold','2015-11-19 00:00:00','2015-12-09 00:00:00',6,'2015-11-19 18:20:50'),
 (87,1,4,'New Star','2015-11-01 00:00:00','2016-04-30 00:00:00',6,'2015-11-26 19:55:34'),
 (88,1,2,'Spring Lady','2015-11-01 00:00:00','2016-04-30 00:00:00',6,'2015-12-15 20:40:56'),
 (89,0,2,'andes lape','2015-11-01 00:00:00','2016-04-30 00:00:00',6,'2016-03-04 09:11:45'),
 (90,1,2,'Andes Lape','2015-10-01 00:00:00','2016-04-30 00:00:00',6,'2016-03-04 09:33:22'),
 (91,1,11,'Red Chief','2015-11-01 00:00:00','2016-04-30 00:00:00',6,'2016-04-05 16:32:58'),
 (92,1,11,'Granny Smith','2015-11-01 00:00:00','2016-04-30 00:00:00',6,'2016-04-05 16:33:13'),
 (93,1,13,'Granny Smith','2015-11-01 00:00:00','2016-04-30 00:00:00',6,'2016-04-05 16:35:24'),
 (94,1,6,'Royal Diamond','2017-01-08 00:00:00','2017-01-30 00:00:00',6,'2017-01-10 18:29:33'),
 (95,1,14,'Hass','2016-11-01 00:00:00','2017-04-30 00:00:00',1,'2017-03-21 16:52:26'),
 (96,1,4,'Royal Down','2017-11-01 00:00:00','2018-04-30 00:00:00',6,'2017-11-10 16:18:01'),
 (97,0,2,'Summer sweer','2018-02-01 00:00:00','2018-02-28 00:00:00',6,'2018-02-05 16:22:17'),
 (98,1,2,'Summer sweet','2017-10-01 00:00:00','2018-04-30 00:00:00',6,'2018-02-05 16:22:49'),
 (99,1,2,'White Lady','2018-12-22 00:00:00','2019-01-09 00:00:00',6,'2018-12-31 07:35:42'),
 (100,1,8,'Robada','2019-11-01 00:00:00','2019-12-15 00:00:00',6,'2019-09-10 09:06:03'),
 (101,1,4,'Celeste','2019-10-31 00:00:00','2020-04-30 00:00:00',6,'2019-11-07 16:15:55'),
 (102,1,4,'Napolitana','2019-11-01 00:00:00','2020-04-30 00:00:00',6,'2019-11-28 17:38:22'),
 (103,1,2,'June Gold','2019-11-01 00:00:00','2020-04-30 00:00:00',6,'2019-12-10 12:28:00'),
 (104,0,17,'Negro','2019-11-01 00:00:00','2020-04-30 00:00:00',6,'2020-01-20 18:23:54'),
 (105,1,17,'Turko','2019-10-01 00:00:00','2020-04-30 00:00:00',6,'2020-01-20 18:25:29'),
 (106,1,13,'Red Delicious','2019-11-01 00:00:00','2020-04-30 00:00:00',6,'2020-03-10 16:38:31'),
 (107,0,4,'SANTINA E','2020-11-01 00:00:00','2021-04-30 00:00:00',11,'2020-11-07 10:26:52'),
 (108,0,4,'BROOKS E','2020-11-01 00:00:00','2021-04-30 00:00:00',11,'2020-11-07 10:29:30'),
 (109,0,4,'NEW STAR E','2020-11-01 00:00:00','2021-04-30 00:00:00',11,'2020-11-09 16:46:40'),
 (110,0,4,'CELESTE E','2020-11-01 00:00:00','2021-04-30 00:00:00',11,'2020-11-10 18:34:52'),
 (111,0,4,'ROYAL DOWN E','2020-11-01 00:00:00','2021-04-30 00:00:00',11,'2020-11-11 12:45:18'),
 (112,0,4,'BING E','2020-11-01 00:00:00','2021-04-30 00:00:00',11,'2020-11-20 13:29:36'),
 (113,0,4,'Garner E','2020-11-01 00:00:00','2021-04-30 00:00:00',6,'2020-11-21 07:18:59'),
 (114,0,4,'LAPINS E','2020-11-01 00:00:00','2021-04-30 00:00:00',11,'2020-11-24 19:22:55'),
 (115,1,3,'Big top','2020-12-10 00:00:00','2021-04-30 00:00:00',24,'2020-12-17 16:14:14'),
 (116,1,6,'President','2021-01-19 00:00:00','2021-04-30 00:00:00',6,'2021-01-21 16:10:16'),
 (117,1,13,'Royal Gala','2020-11-01 00:00:00','2021-04-30 00:00:00',6,'2021-02-11 20:12:38'),
 (118,1,18,'Packhams','2020-11-01 00:00:00','2021-04-30 00:00:00',6,'2021-02-25 12:09:53'),
 (119,1,18,'Williams','2020-11-01 00:00:00','2021-04-30 00:00:00',6,'2021-02-25 12:10:00'),
 (120,1,13,'Red Chief','2020-11-01 00:00:00','2021-04-30 00:00:00',6,'2021-03-15 17:17:06'),
 (121,1,13,'Golden Delicious','2021-11-01 00:00:00','2022-04-30 00:00:00',6,'2022-03-09 18:15:58');
/*!40000 ALTER TABLE `variedades` ENABLE KEYS */;




/*!40101 SET SQL_MODE=@OLD_SQL_MODE */;
/*!40014 SET FOREIGN_KEY_CHECKS=@OLD_FOREIGN_KEY_CHECKS */;
/*!40014 SET UNIQUE_CHECKS=@OLD_UNIQUE_CHECKS */;
/*!40101 SET CHARACTER_SET_CLIENT=@OLD_CHARACTER_SET_CLIENT */;
/*!40101 SET CHARACTER_SET_RESULTS=@OLD_CHARACTER_SET_RESULTS */;
/*!40101 SET COLLATION_CONNECTION=@OLD_COLLATION_CONNECTION */;
/*!40101 SET CHARACTER_SET_CLIENT=@OLD_CHARACTER_SET_CLIENT */;
